0.103333,Maze Immersive,user tracking,n/a,-24.181,2.042,-13.4,0,0.7071068,0,0.7071067,0.07045759,0.7079628,-0.1289926,0.6907858,
0.2018533,Maze Immersive,user tracking,n/a,-24.181,2.042,-13.4,0,0.7071068,0,0.7071067,0.0519726,0.7062671,-0.1084311,0.6976591,
0.3015475,Maze Immersive,user tracking,n/a,-24.181,2.042,-13.4,0,0.7071068,0,0.7071067,0.05203397,0.7036078,-0.1067126,0.7006004,
0.4010119,Maze Immersive,user tracking,n/a,-24.181,2.042,-13.4,0,0.7071068,0,0.7071067,0.05765648,0.6978357,-0.1025328,0.7065324,
0.5001626,Maze Immersive,user tracking,n/a,-24.181,2.042,-13.4,0,0.7071068,0,0.7071067,0.0583066,0.6954605,-0.1006963,0.7090806,
0.5989728,Maze Immersive,user tracking,n/a,-24.181,2.042,-13.4,0,0.7071068,0,0.7071067,0.05651928,0.6963149,-0.09703658,0.7088969,
0.6972804,Maze Immersive,user tracking,n/a,-24.181,2.042,-13.4,0,0.7071068,0,0.7071067,0.05718028,0.6957906,-0.09535687,0.7095863,
0.7963171,Maze Immersive,user tracking,n/a,-24.181,2.042,-13.4,0,0.7071068,0,0.7071067,0.0610934,0.6942869,-0.09587643,0.7106622,
0.8999867,Maze Immersive,user tracking,n/a,-24.181,2.042,-13.4,0,0.7071068,0,0.7071067,0.06371011,0.693637,-0.09454377,0.7112456,
0.9991641,Maze Immersive,user tracking,n/a,-24.181,2.042,-13.4,0,0.7071068,0,0.7071067,0.06443756,0.6928903,-0.09452763,0.7119096,
1.097534,Maze Immersive,user tracking,n/a,-24.181,2.042,-13.4,0,0.7071068,0,0.7071067,0.0636417,0.6928515,-0.09448783,0.7120241,
1.196095,Maze Immersive,user tracking,n/a,-24.181,2.042,-13.4,0,0.7071068,0,0.7071067,0.06253296,0.6929807,-0.09428613,0.7120234,
1.295167,Maze Immersive,user tracking,n/a,-24.181,2.042,-13.4,0,0.7071068,0,0.7071067,0.06294072,0.6916543,-0.09577862,0.7130772,
1.392941,Maze Immersive,user tracking,n/a,-24.181,2.042,-13.4,0,0.7071068,0,0.7071067,0.06285609,0.690128,-0.0965299,0.7144608,
1.492452,Maze Immersive,user tracking,n/a,-24.181,2.042,-13.4,0,0.7071068,0,0.7071067,0.06298734,0.6891825,-0.09723178,0.7152665,
1.591588,Maze Immersive,user tracking,n/a,-24.181,2.042,-13.4,0,0.7071068,0,0.7071067,0.06417741,0.6881152,-0.09888034,0.7159618,
1.707104,Maze Immersive,user tracking,n/a,-24.181,2.042,-13.4,0,0.7071068,0,0.7071067,0.06812615,0.68481,-0.1030391,0.7181761,
1.804934,Maze Immersive,user tracking,n/a,-24.181,2.042,-13.4,0,0.7071068,0,0.7071067,0.06896064,0.6841909,-0.1039094,0.718561,
1.903853,Maze Immersive,user tracking,n/a,-24.181,2.042,-13.4,0,0.7071068,0,0.7071067,0.06923556,0.6854545,-0.1039256,0.7173268,
2.003265,Maze Immersive,user tracking,n/a,-24.181,2.042,-13.4,0,0.7071068,0,0.7071067,0.06833778,0.687146,-0.1039571,0.7157885,
2.101793,Maze Immersive,user tracking,n/a,-24.181,2.042,-13.4,0,0.7071068,0,0.7071067,0.06760767,0.6877759,-0.1038306,0.715271,
2.199869,Maze Immersive,user tracking,n/a,-24.181,2.042,-13.4,0,0.7071068,0,0.7071067,0.06692538,0.6881636,-0.1034925,0.7150112,
2.299025,Maze Immersive,user tracking,n/a,-24.181,2.042,-13.4,0,0.7071068,0,0.7071067,0.06649363,0.6885386,-0.1032859,0.7147205,
2.396151,Maze Immersive,user tracking,n/a,-24.181,2.042,-13.4,0,0.7071068,0,0.7071067,0.06624821,0.6895188,-0.1034641,0.7137717,
2.50685,Maze Immersive,user tracking,n/a,-24.181,2.042,-13.4,0,0.7071068,0,0.7071067,0.0664583,0.6926808,-0.103218,0.7107198,
2.606116,Maze Immersive,user tracking,n/a,-24.181,2.042,-13.4,0,0.7071068,0,0.7071067,0.06719088,0.6942776,-0.1036359,0.70903,
2.705011,Maze Immersive,user tracking,n/a,-24.181,2.042,-13.4,0,0.7071068,0,0.7071067,0.06829518,0.6927561,-0.1046061,0.7102691,
2.792928,Maze Immersive,user tracking,n/a,-24.181,2.042,-13.4,0,0.7071068,0,0.7071067,0.06837157,0.6910067,-0.1051311,0.7118865,
2.892174,Maze Immersive,user tracking,n/a,-24.181,2.042,-13.4,0,0.7071068,0,0.7071067,0.06888463,0.6898004,-0.1049629,0.7130309,
3.007044,Maze Immersive,user tracking,n/a,-24.181,2.042,-13.4,0,0.7071068,0,0.7071067,0.06808375,0.6807004,-0.1066283,0.7215553,
3.105515,Maze Immersive,user tracking,n/a,-24.181,2.042,-13.4,0,0.7071068,0,0.7071067,0.06701296,0.6568645,-0.1116971,0.7426723,
3.204931,Maze Immersive,user tracking,n/a,-24.181,2.042,-13.4,0,0.7071068,0,0.7071067,0.0635329,0.6206393,-0.121524,0.7720118,
3.303972,Maze Immersive,user tracking,n/a,-24.181,2.042,-13.4,0,0.7071068,0,0.7071067,0.0556583,0.5701436,-0.1319952,0.8089595,
3.402491,Maze Immersive,user tracking,n/a,-24.181,2.042,-13.4,0,0.7071068,0,0.7071067,0.0504769,0.5236219,-0.1379101,0.8391978,
3.500725,Maze Immersive,user tracking,n/a,-24.181,2.042,-13.4,0,0.7071068,0,0.7071067,0.04920179,0.4894541,-0.1388773,0.8594922,
3.599595,Maze Immersive,user tracking,n/a,-24.181,2.042,-13.4,0,0.7071068,0,0.7071067,0.04767636,0.4378302,-0.1387745,0.8870024,
3.698349,Maze Immersive,user tracking,n/a,-24.181,2.042,-13.4,0,0.7071068,0,0.7071067,0.03764633,0.3730389,-0.1366115,0.9169307,
3.796631,Maze Immersive,user tracking,n/a,-24.181,2.042,-13.4,0,0.7071068,0,0.7071067,0.02112476,0.2845172,-0.1366579,0.9486455,
3.895797,Maze Immersive,user tracking,n/a,-24.181,2.042,-13.4,0,0.7071068,0,0.7071067,0.0122418,0.2294252,-0.1414508,0.9629152,
3.993998,Maze Immersive,user tracking,n/a,-24.181,2.042,-13.4,0,0.7071068,0,0.7071067,0.004500382,0.1997175,-0.1445157,0.9691272,
4.092765,Maze Immersive,user tracking,n/a,-24.181,2.042,-13.4,0,0.7071068,0,0.7071067,0.003726564,0.1907262,-0.1438426,0.9710401,
4.191761,Maze Immersive,user tracking,n/a,-24.181,2.042,-13.4,0,0.7071068,0,0.7071067,0.006521337,0.1892539,-0.1431318,0.9714184,
4.307431,Maze Immersive,user tracking,n/a,-24.181,2.042,-13.4,0,0.7071068,0,0.7071067,0.01742034,0.2061381,-0.1367386,0.9687653,
4.406322,Maze Immersive,user tracking,n/a,-24.181,2.042,-13.4,0,0.7071068,0,0.7071067,0.04307355,0.2906981,-0.1269456,0.9473774,
4.50535,Maze Immersive,user tracking,n/a,-24.181,2.042,-13.4,0,0.7071068,0,0.7071067,0.06521516,0.4126429,-0.1134981,0.9014384,
4.604729,Maze Immersive,user tracking,n/a,-24.181,2.042,-13.4,0,0.7071068,0,0.7071067,0.08849248,0.5688638,-0.0944343,0.8121855,
4.702981,Maze Immersive,user tracking,n/a,-24.181,2.042,-13.4,0,0.7071068,0,0.7071067,0.1080926,0.7270972,-0.0755275,0.6737517,
4.807472,Maze Immersive,user tracking,n/a,-24.181,2.042,-13.4,0,0.7071068,0,0.7071067,0.1050942,0.8557165,-0.07431958,0.5011796,
4.906059,Maze Immersive,user tracking,n/a,-24.181,2.042,-13.4,0,0.7071068,0,0.7071067,0.09604278,0.9097406,-0.0757664,0.3967456,
5.005283,Maze Immersive,user tracking,n/a,-24.181,2.042,-13.4,0,0.7071068,0,0.7071067,0.08642945,0.9448085,-0.06995707,0.3081766,
5.103362,Maze Immersive,user tracking,n/a,-24.181,2.042,-13.4,0,0.7071068,0,0.7071067,0.07830055,0.9563589,-0.05933265,0.2751839,
5.202837,Maze Immersive,user tracking,n/a,-24.181,2.042,-13.4,0,0.7071068,0,0.7071067,0.07401332,0.9576647,-0.06178132,0.2712622,
5.302372,Maze Immersive,user tracking,n/a,-24.181,2.042,-13.4,0,0.7071068,0,0.7071067,0.06605674,0.9474183,-0.07430662,0.3041603,
5.401743,Maze Immersive,user tracking,n/a,-24.181,2.042,-13.4,0,0.7071068,0,0.7071067,0.04590786,0.9118354,-0.08842909,0.3982823,
5.500841,Maze Immersive,user tracking,n/a,-24.181,2.042,-13.4,0,0.7071068,0,0.7071067,0.02762897,0.8455174,-0.1018805,0.5234091,
5.599536,Maze Immersive,user tracking,n/a,-24.181,2.042,-13.4,0,0.7071068,0,0.7071067,0.03030876,0.7681577,-0.1070766,0.6305153,
5.699003,Maze Immersive,user tracking,n/a,-24.181,2.042,-13.4,0,0.7071068,0,0.7071067,0.02715986,0.6921498,-0.1026204,0.7139049,
5.79756,Maze Immersive,user tracking,n/a,-24.181,2.042,-13.4,0,0.7071068,0,0.7071067,0.005574472,0.6569095,-0.0751527,0.7501938,
5.895966,Maze Immersive,user tracking,n/a,-24.181,2.042,-13.4,0,0.7071068,0,0.7071067,-0.0146385,0.6768882,-0.03893057,0.7349097,
5.995264,Maze Immersive,user tracking,n/a,-24.181,2.042,-13.4,0,0.7071068,0,0.7071067,-0.02242837,0.7194707,-0.01949775,0.6938866,
6.094624,Maze Immersive,user tracking,n/a,-24.181,2.042,-13.4,0,0.7071068,0,0.7071067,-0.06951115,0.7316572,0.02269441,0.6777396,
6.193635,Maze Immersive,user tracking,n/a,-24.181,2.042,-13.4,0,0.7071068,0,0.7071067,-0.0959058,0.709581,0.03805623,0.6970284,
6.293061,Maze Immersive,user tracking,n/a,-24.181,2.042,-13.4,0,0.7071068,0,0.7071067,-0.06458335,0.6575445,-0.002017181,0.7506397,
6.392614,Maze Immersive,user tracking,n/a,-24.181,2.042,-13.4,0,0.7071068,0,0.7071067,-0.03169818,0.5313833,-0.05471415,0.8447681,
6.507378,Maze Immersive,user tracking,n/a,-24.181,2.042,-13.4,0,0.7071068,0,0.7071067,-0.01772874,0.3599323,-0.09685989,0.9277675,
6.606163,Maze Immersive,user tracking,n/a,-24.181,2.042,-13.4,0,0.7071068,0,0.7071067,-0.01918627,0.244556,-0.1126834,0.9628742,
6.704478,Maze Immersive,user tracking,n/a,-24.181,2.042,-13.4,0,0.7071068,0,0.7071067,-0.02604811,0.1807816,-0.1267534,0.9749734,
6.803264,Maze Immersive,user tracking,n/a,-24.181,2.042,-13.4,0,0.7071068,0,0.7071067,-0.02273983,0.1880108,-0.125762,0.9738166,
6.901973,Maze Immersive,user tracking,n/a,-24.181,2.042,-13.4,0,0.7071068,0,0.7071067,-0.01548776,0.1867758,-0.1254761,0.9742335,
7.001178,Maze Immersive,user tracking,n/a,-24.181,2.042,-13.4,0,0.7071068,0,0.7071067,-0.009230331,0.1793074,-0.1235562,0.9759598,
7.099842,Maze Immersive,user tracking,n/a,-24.181,2.042,-13.4,0,0.7071068,0,0.7071067,-0.0001175031,0.1795114,-0.1192077,0.9765066,
7.199139,Maze Immersive,user tracking,n/a,-24.181,2.042,-13.4,0,0.7071068,0,0.7071067,0.001825105,0.1777886,-0.117583,0.9770169,
7.29856,Maze Immersive,user tracking,n/a,-24.181,2.042,-13.4,0,0.7071068,0,0.7071067,0.001428217,0.2009166,-0.1093251,0.9734877,
7.398247,Maze Immersive,user tracking,n/a,-24.181,2.042,-13.4,0,0.7071068,0,0.7071067,0.009745251,0.2952434,-0.08399682,0.9516727,
7.496765,Maze Immersive,user tracking,n/a,-24.181,2.042,-13.4,0,0.7071068,0,0.7071067,0.0288166,0.4140274,-0.0700833,0.9071048,
7.595253,Maze Immersive,user tracking,n/a,-24.181,2.042,-13.4,0,0.7071068,0,0.7071067,0.04944717,0.5420146,-0.0616531,0.8366445,
7.694588,Maze Immersive,user tracking,n/a,-24.181,2.042,-13.4,0,0.7071068,0,0.7071067,0.06539926,0.6582777,-0.05588912,0.7478433,
7.804977,Maze Immersive,user tracking,n/a,-24.181,2.042,-13.4,0,0.7071068,0,0.7071067,0.06940255,0.7736239,-0.05409794,0.6275051,
7.904389,Maze Immersive,user tracking,n/a,-24.181,2.042,-13.4,0,0.7071068,0,0.7071067,0.06771379,0.8470314,-0.06515087,0.5231712,
8.0035,Maze Immersive,user tracking,n/a,-24.181,2.042,-13.4,0,0.7071068,0,0.7071067,0.05854734,0.8924067,-0.06530444,0.4426261,
8.102736,Maze Immersive,user tracking,n/a,-24.181,2.042,-13.4,0,0.7071068,0,0.7071067,0.05555193,0.9207877,-0.06266531,0.3809686,
8.198988,Maze Immersive,user tracking,n/a,-24.181,2.042,-13.4,0,0.7071068,0,0.7071067,0.05243341,0.929508,-0.0635692,0.3594783,
8.298334,Maze Immersive,user tracking,n/a,-24.181,2.042,-13.4,0,0.7071068,0,0.7071067,0.04097317,0.9211523,-0.06680136,0.3812312,
8.397383,Maze Immersive,user tracking,n/a,-24.181,2.042,-13.4,0,0.7071068,0,0.7071067,0.03327023,0.9052929,-0.07219706,0.4172835,
8.497074,Maze Immersive,user tracking,n/a,-24.181,2.042,-13.4,0,0.7071068,0,0.7071067,0.01969452,0.8805241,-0.07091368,0.4682528,
8.596161,Maze Immersive,user tracking,n/a,-24.181,2.042,-13.4,0,0.7071068,0,0.7071067,0.003387881,0.8423867,-0.05969752,0.5355458,
8.695652,Maze Immersive,user tracking,n/a,-24.181,2.042,-13.4,0,0.7071068,0,0.7071067,-0.0104141,0.7948064,-0.04702989,0.6049482,
8.792974,Maze Immersive,user tracking,n/a,-24.181,2.042,-13.4,0,0.7071068,0,0.7071067,-0.001522528,0.7527423,-0.04761893,0.6565889,
8.892481,Maze Immersive,user tracking,n/a,-24.181,2.042,-13.4,0,0.7071068,0,0.7071067,0.01791719,0.724862,-0.05878589,0.6861473,
9.007578,Maze Immersive,user tracking,n/a,-24.181,2.042,-13.4,0,0.7071068,0,0.7071067,0.02041433,0.7237362,-0.05958819,0.687196,
9.106319,Maze Immersive,user tracking,n/a,-24.181,2.042,-13.4,0,0.7071068,0,0.7071067,0.01935553,0.7271224,-0.05858395,0.6837295,
9.20442,Maze Immersive,user tracking,n/a,-24.181,2.042,-13.4,0,0.7071068,0,0.7071067,0.0183914,0.7276421,-0.0578835,0.6832629,
9.303627,Maze Immersive,user tracking,n/a,-24.181,2.042,-13.4,0,0.7071068,0,0.7071067,0.01705649,0.7255819,-0.05452383,0.6857601,
9.402609,Maze Immersive,user tracking,n/a,-24.181,2.042,-13.4,0,0.7071068,0,0.7071067,0.01789004,0.7225326,-0.05488931,0.6889222,
9.502176,Maze Immersive,user tracking,n/a,-24.181,2.042,-13.4,0,0.7071068,0,0.7071067,0.0186016,0.7210973,-0.05641685,0.6902823,
9.599941,Maze Immersive,user tracking,n/a,-24.181,2.042,-13.4,0,0.7071068,0,0.7071067,0.01843045,0.7207947,-0.05662893,0.6905854,
9.69866,Maze Immersive,user tracking,n/a,-24.181,2.042,-13.4,0,0.7071068,0,0.7071067,0.01925504,0.7190548,-0.05875827,0.6921973,
9.802427,Maze Immersive,user tracking,n/a,-24.181,2.042,-13.4,0,0.7071068,0,0.7071067,0.057511,0.7067568,-0.09524065,0.6986532,
9.898396,Maze Immersive,user tracking,n/a,-24.181,2.042,-13.4,0,0.7071068,0,0.7071067,0.1056562,0.6869014,-0.1377656,0.7057081,
9.996944,Maze Immersive,user tracking,n/a,-24.181,2.042,-13.4,0,0.7071068,0,0.7071067,0.1043199,0.6880724,-0.1261616,0.7069349,
10.09624,Maze Immersive,user tracking,n/a,-24.181,2.042,-13.4,0,0.7071068,0,0.7071067,0.1064615,0.6852524,-0.1292402,0.7087962,
10.19514,Maze Immersive,user tracking,n/a,-24.181,2.042,-13.4,0,0.7071068,0,0.7071067,0.1106237,0.6848584,-0.1343774,0.7075831,
10.29416,Maze Immersive,user tracking,n/a,-24.181,2.042,-13.4,0,0.7071068,0,0.7071067,0.09943119,0.6904183,-0.1216871,0.7061362,
10.39316,Maze Immersive,user tracking,n/a,-24.181,2.042,-13.4,0,0.7071068,0,0.7071067,0.07453996,0.6959962,-0.09676088,0.7075806,
10.49294,Maze Immersive,user tracking,n/a,-24.181,2.042,-13.4,0,0.7071068,0,0.7071067,0.05234993,0.6993318,-0.07477295,0.7089452,
10.59189,Maze Immersive,user tracking,n/a,-24.181,2.042,-13.4,0,0.7071068,0,0.7071067,0.03274171,0.7041701,-0.05925015,0.7067968,
10.70789,Maze Immersive,user tracking,n/a,-24.181,2.042,-13.4,0,0.7071068,0,0.7071067,0.0301781,0.7048952,-0.05789399,0.7063004,
10.80505,Maze Immersive,user tracking,n/a,-24.181,2.042,-13.4,0,0.7071068,0,0.7071067,0.02875961,0.7057764,-0.05687149,0.7055622,
10.90386,Maze Immersive,user tracking,n/a,-24.181,2.042,-13.4,0,0.7071068,0,0.7071067,0.02805417,0.7069196,-0.05605468,0.7045107,
11.0036,Maze Immersive,user tracking,n/a,-24.181,2.042,-13.4,0,0.7071068,0,0.7071067,0.02830704,0.7071279,-0.05630016,0.7042721,
11.10268,Maze Immersive,user tracking,n/a,-24.181,2.042,-13.4,0,0.7071068,0,0.7071067,0.02849382,0.7071577,-0.05712334,0.7041682,
11.20228,Maze Immersive,user tracking,n/a,-24.181,2.042,-13.4,0,0.7071068,0,0.7071067,0.0302587,0.707332,-0.05833744,0.7038198,
11.30179,Maze Immersive,user tracking,n/a,-24.181,2.042,-13.4,0,0.7071068,0,0.7071067,0.03335463,0.7066873,-0.06036252,0.7041569,
11.40115,Maze Immersive,user tracking,n/a,-24.181,2.042,-13.4,0,0.7071068,0,0.7071067,0.03497364,0.7060513,-0.06170623,0.7045998,
11.50004,Maze Immersive,user tracking,n/a,-24.181,2.042,-13.4,0,0.7071068,0,0.7071067,0.03555693,0.7055653,-0.06250106,0.7049872,
11.598,Maze Immersive,user tracking,n/a,-24.181,2.042,-13.4,0,0.7071068,0,0.7071067,0.03486782,0.7059174,-0.06206721,0.7047073,
11.69607,Maze Immersive,user tracking,n/a,-24.181,2.042,-13.4,0,0.7071068,0,0.7071067,0.03311379,0.7069329,-0.06217537,0.7037638,
11.79539,Maze Immersive,user tracking,n/a,-24.181,2.042,-13.4,0,0.7071068,0,0.7071067,0.03145587,0.7077079,-0.06203805,0.7030727,
11.89346,Maze Immersive,user tracking,n/a,-24.181,2.042,-13.4,0,0.7071068,0,0.7071067,0.03060799,0.7079109,-0.06217524,0.7028937,
12.00794,Maze Immersive,user tracking,n/a,-24.181,2.042,-13.4,0,0.7071068,0,0.7071067,0.03219903,0.7073815,-0.0631251,0.7032706,
12.10722,Maze Immersive,user tracking,n/a,-24.181,2.042,-13.4,0,0.7071068,0,0.7071067,0.03304152,0.7071234,-0.06335238,0.7034707,
12.20625,Maze Immersive,user tracking,n/a,-24.181,2.042,-13.4,0,0.7071068,0,0.7071067,0.03339833,0.7071939,-0.06380831,0.7033418,
12.3043,Maze Immersive,user tracking,n/a,-24.181,2.042,-13.4,0,0.7071068,0,0.7071067,0.03420728,0.706965,-0.06388552,0.703526,
12.40288,Maze Immersive,user tracking,n/a,-24.181,2.042,-13.4,0,0.7071068,0,0.7071067,0.03436401,0.7066298,-0.06396613,0.7038479,
12.50148,Maze Immersive,user tracking,n/a,-24.181,2.042,-13.4,0,0.7071068,0,0.7071067,0.03408191,0.7067612,-0.0640532,0.7037216,
12.60036,Maze Immersive,user tracking,n/a,-24.181,2.042,-13.4,0,0.7071068,0,0.7071067,0.03316101,0.7070749,-0.06379883,0.7034737,
12.6989,Maze Immersive,user tracking,n/a,-24.181,2.042,-13.4,0,0.7071068,0,0.7071067,0.03268743,0.7069029,-0.06366779,0.7036805,
12.79718,Maze Immersive,user tracking,n/a,-24.181,2.042,-13.4,0,0.7071068,0,0.7071067,0.03218125,0.706611,-0.06348266,0.7040136,
12.89615,Maze Immersive,user tracking,n/a,-24.181,2.042,-13.4,0,0.7071068,0,0.7071067,0.0321722,0.7059419,-0.06413625,0.7046258,
12.99562,Maze Immersive,user tracking,n/a,-24.181,2.042,-13.4,0,0.7071068,0,0.7071067,0.03286362,0.7060378,-0.06441219,0.7044728,
13.09397,Maze Immersive,user tracking,n/a,-24.181,2.042,-13.4,0,0.7071068,0,0.7071067,0.03355695,0.7053848,-0.06478476,0.7050597,
13.19301,Maze Immersive,user tracking,n/a,-24.181,2.042,-13.4,0,0.7071068,0,0.7071067,0.03377185,0.7054421,-0.06514311,0.704959,
13.29213,Maze Immersive,user tracking,n/a,-24.181,2.042,-13.4,0,0.7071068,0,0.7071067,0.03436865,0.7049941,-0.06529661,0.7053639,
13.40658,Maze Immersive,user tracking,n/a,-24.181,2.042,-13.4,0,0.7071068,0,0.7071067,0.0345459,0.7042092,-0.06519225,0.7061486,
13.5053,Maze Immersive,user tracking,n/a,-24.181,2.042,-13.4,0,0.7071068,0,0.7071067,0.03436521,0.7041964,-0.06530239,0.70616,
13.6046,Maze Immersive,user tracking,n/a,-24.181,2.042,-13.4,0,0.7071068,0,0.7071067,0.03353959,0.7036476,-0.06567311,0.7067121,
13.70408,Maze Immersive,user tracking,n/a,-24.181,2.042,-13.4,0,0.7071068,0,0.7071067,0.03358329,0.7041957,-0.06553844,0.7061764,
13.80346,Maze Immersive,user tracking,n/a,-24.181,2.042,-13.4,0,0.7071068,0,0.7071067,0.03354895,0.7036964,-0.06589162,0.7066427,
13.90235,Maze Immersive,user tracking,n/a,-24.181,2.042,-13.4,0,0.7071068,0,0.7071067,0.03366678,0.7037809,-0.06610493,0.7065331,
14.00213,Maze Immersive,user tracking,n/a,-24.181,2.042,-13.4,0,0.7071068,0,0.7071067,0.03338883,0.7041201,-0.06602684,0.7062156,
14.10127,Maze Immersive,user tracking,n/a,-24.181,2.042,-13.4,0,0.7071068,0,0.7071067,0.03409271,0.7043125,-0.06609615,0.7059836,
14.20052,Maze Immersive,user tracking,n/a,-24.181,2.042,-13.4,0,0.7071068,0,0.7071067,0.03448826,0.7039743,-0.06631015,0.7062815,
14.29911,Maze Immersive,user tracking,n/a,-24.181,2.042,-13.4,0,0.7071068,0,0.7071067,0.03465573,0.7040325,-0.06729816,0.7061219,
14.39785,Maze Immersive,user tracking,n/a,-24.181,2.042,-13.4,0,0.7071068,0,0.7071067,0.03480523,0.7044144,-0.06782258,0.7056832,
14.49596,Maze Immersive,user tracking,n/a,-24.181,2.042,-13.4,0,0.7071068,0,0.7071067,0.03502317,0.7048345,-0.06835683,0.7052014,
14.59526,Maze Immersive,user tracking,n/a,-24.181,2.042,-13.4,0,0.7071068,0,0.7071067,0.03440655,0.7049459,-0.06915951,0.7050422,
14.69388,Maze Immersive,user tracking,n/a,-24.181,2.042,-13.4,0,0.7071068,0,0.7071067,0.03600949,0.7049246,-0.07023497,0.7048771,
14.80705,Maze Immersive,user tracking,n/a,-24.181,2.042,-13.4,0,0.7071068,0,0.7071067,0.03655913,0.7043179,-0.07046946,0.7054316,
14.90652,Maze Immersive,user tracking,n/a,-24.181,2.042,-13.4,0,0.7071068,0,0.7071067,0.03554585,0.7050137,-0.06985218,0.7048494,
15.00511,Maze Immersive,user tracking,n/a,-24.181,2.042,-13.4,0,0.7071068,0,0.7071067,0.03537225,0.7042215,-0.07015868,0.7056192,
15.10467,Maze Immersive,user tracking,n/a,-24.181,2.042,-13.4,0,0.7071068,0,0.7071067,0.03578471,0.7012551,-0.071641,0.7083983,
15.20313,Maze Immersive,user tracking,n/a,-24.181,2.042,-13.4,0,0.7071068,0,0.7071067,0.03597383,0.700858,-0.07054148,0.7088919,
15.30161,Maze Immersive,user tracking,n/a,-24.181,2.042,-13.4,0,0.7071068,0,0.7071067,0.0348651,0.7011564,-0.07086333,0.70862,
15.40133,Maze Immersive,user tracking,n/a,-24.181,2.042,-13.4,0,0.7071068,0,0.7071067,0.03474623,0.7013729,-0.07075652,0.7084222,
15.49989,Maze Immersive,user tracking,n/a,-24.181,2.042,-13.4,0,0.7071068,0,0.7071067,0.03443179,0.6994826,-0.07093271,0.7102866,
15.59961,Maze Immersive,user tracking,n/a,-24.181,2.042,-13.4,0,0.7071068,0,0.7071067,0.03414249,0.6828927,-0.07709358,0.7256366,
15.69878,Maze Immersive,user tracking,n/a,-24.181,2.042,-13.4,0,0.7071068,0,0.7071067,0.03168317,0.6712596,-0.07796501,0.7364293,
15.79606,Maze Immersive,user tracking,n/a,-24.181,2.042,-13.4,0,0.7071068,0,0.7071067,0.032264,0.6733109,-0.07691723,0.7346395,
15.89494,Maze Immersive,user tracking,n/a,-24.181,2.042,-13.4,0,0.7071068,0,0.7071067,0.03119637,0.6739836,-0.07599037,0.7341651,
15.9943,Maze Immersive,user tracking,n/a,-24.181,2.042,-13.4,0,0.7071068,0,0.7071067,0.03123615,0.6739839,-0.07568759,0.7341944,
16.09401,Maze Immersive,user tracking,n/a,-24.181,2.042,-13.4,0,0.7071068,0,0.7071067,0.03207625,0.6745753,-0.07504071,0.7336812,
16.19346,Maze Immersive,user tracking,n/a,-24.181,2.042,-13.4,0,0.7071068,0,0.7071067,0.01906639,0.6265674,-0.07683675,0.775336,
16.29222,Maze Immersive,user tracking,n/a,-24.181,2.042,-13.4,0,0.7071068,0,0.7071067,-0.005711559,0.4704928,-0.09144197,0.8776345,
16.40716,Maze Immersive,user tracking,n/a,-24.181,2.042,-13.4,0,0.7071068,0,0.7071067,-0.01406645,0.3127851,-0.1030917,0.9441079,
16.50666,Maze Immersive,user tracking,n/a,-24.181,2.042,-13.4,0,0.7071068,0,0.7071067,-0.008553904,0.2447802,-0.1078257,0.9635262,
16.60584,Maze Immersive,user tracking,n/a,-24.181,2.042,-13.4,0,0.7071068,0,0.7071067,-0.005980387,0.2182211,-0.111409,0.9695008,
16.70192,Maze Immersive,user tracking,n/a,-24.181,2.042,-13.4,0,0.7071068,0,0.7071067,-0.001969833,0.2228785,-0.1100609,0.9686114,
16.8012,Maze Immersive,user tracking,n/a,-24.181,2.042,-13.4,0,0.7071068,0,0.7071067,-7.09407E-05,0.2227581,-0.1089612,0.9687653,
16.90034,Maze Immersive,user tracking,n/a,-24.181,2.042,-13.4,0,0.7071068,0,0.7071067,-0.0008566529,0.2223155,-0.107385,0.9690425,
17.00001,Maze Immersive,user tracking,n/a,-24.181,2.042,-13.4,0,0.7071068,0,0.7071067,-0.00132145,0.2401803,-0.1039812,0.9651423,
17.09887,Maze Immersive,user tracking,n/a,-24.181,2.042,-13.4,0,0.7071068,0,0.7071067,0.01481749,0.3228799,-0.0936651,0.9416771,
17.19832,Maze Immersive,user tracking,n/a,-24.181,2.042,-13.4,0,0.7071068,0,0.7071067,0.03396535,0.4550515,-0.08110242,0.8861133,
17.29391,Maze Immersive,user tracking,n/a,-24.181,2.042,-13.4,0,0.7071068,0,0.7071067,0.05530786,0.5943263,-0.07417604,0.7988837,
17.39294,Maze Immersive,user tracking,n/a,-24.181,2.042,-13.4,0,0.7071068,0,0.7071067,0.0657968,0.7218894,-0.06796367,0.6855124,
17.49201,Maze Immersive,user tracking,n/a,-24.181,2.042,-13.4,0,0.7071068,0,0.7071067,0.0609026,0.8177372,-0.05469269,0.5697415,
17.60722,Maze Immersive,user tracking,n/a,-24.181,2.042,-13.4,0,0.7071068,0,0.7071067,0.0578102,0.8568611,-0.04913828,0.5099337,
17.70607,Maze Immersive,user tracking,n/a,-24.181,2.042,-13.4,0,0.7071068,0,0.7071067,0.05035621,0.842476,-0.06328239,0.5326291,
17.80554,Maze Immersive,user tracking,n/a,-24.181,2.042,-13.4,0,0.7071068,0,0.7071067,0.0395674,0.7925484,-0.07565878,0.6038023,
17.90485,Maze Immersive,user tracking,n/a,-24.181,2.042,-13.4,0,0.7071068,0,0.7071067,0.03007208,0.7552939,-0.07877566,0.6499394,
18.00418,Maze Immersive,user tracking,n/a,-24.181,2.042,-13.4,0,0.7071068,0,0.7071067,0.02928687,0.7489369,-0.07529607,0.6576977,
18.10298,Maze Immersive,user tracking,n/a,-24.181,2.042,-13.4,0,0.7071068,0,0.7071067,0.02858067,0.7509525,-0.0735181,0.6556282,
18.20222,Maze Immersive,user tracking,n/a,-24.181,2.042,-13.4,0,0.7071068,0,0.7071067,0.03017088,0.7517565,-0.07070068,0.6549453,
18.30161,Maze Immersive,user tracking,n/a,-24.181,2.042,-13.4,0,0.7071068,0,0.7071067,0.03434318,0.7509994,-0.06796749,0.655897,
18.40086,Maze Immersive,user tracking,n/a,-24.181,2.042,-13.4,0,0.7071068,0,0.7071067,0.0360872,0.7489128,-0.06555977,0.6584294,
18.49944,Maze Immersive,user tracking,n/a,-24.181,2.042,-13.4,0,0.7071068,0,0.7071067,0.03517481,0.7473763,-0.06518593,0.6602592,
18.59865,Maze Immersive,user tracking,n/a,-24.181,2.042,-13.4,0,0.7071068,0,0.7071067,0.03392333,0.7459381,-0.0652451,0.6619431,
18.69809,Maze Immersive,user tracking,n/a,-24.181,2.042,-13.4,0,0.7071068,0,0.7071067,0.03362367,0.7454281,-0.0662306,0.6624348,
18.79645,Maze Immersive,user tracking,n/a,-24.181,2.042,-13.4,0,0.7071068,0,0.7071067,0.03421167,0.7448794,-0.06737658,0.6629061,
18.89602,Maze Immersive,user tracking,n/a,-24.181,2.042,-13.4,0,0.7071068,0,0.7071067,0.03436794,0.7438142,-0.068886,0.6639382,
18.99484,Maze Immersive,user tracking,n/a,-24.181,2.042,-13.4,0,0.7071068,0,0.7071067,0.03446929,0.7434976,-0.06983222,0.6641888,
19.09347,Maze Immersive,user tracking,n/a,-24.181,2.042,-13.4,0,0.7071068,0,0.7071067,0.03536312,0.7425138,-0.07081899,0.6651372,
19.19256,Maze Immersive,user tracking,n/a,-24.181,2.042,-13.4,0,0.7071068,0,0.7071067,0.0350306,0.7416754,-0.07160287,0.6660056,
19.29165,Maze Immersive,user tracking,n/a,-24.181,2.042,-13.4,0,0.7071068,0,0.7071067,0.03479957,0.7410079,-0.0715303,0.6667681,
19.40718,Maze Immersive,user tracking,n/a,-24.181,2.042,-13.4,0,0.7071068,0,0.7071067,0.03495736,0.740362,-0.07174735,0.6674536,
19.50603,Maze Immersive,user tracking,n/a,-24.181,2.042,-13.4,0,0.7071068,0,0.7071067,0.03557844,0.7397452,-0.07188404,0.6680898,
19.6046,Maze Immersive,user tracking,n/a,-24.181,2.042,-13.4,0,0.7071068,0,0.7071067,0.03541952,0.7386996,-0.07201144,0.6692403,
19.70239,Maze Immersive,user tracking,n/a,-24.181,2.042,-13.4,0,0.7071068,0,0.7071067,0.03558067,0.7379134,-0.07276714,0.670017,
19.80215,Maze Immersive,user tracking,n/a,-24.181,2.042,-13.4,0,0.7071068,0,0.7071067,0.05675167,0.7328948,-0.09948233,0.6706323,
19.90121,Maze Immersive,user tracking,n/a,-24.181,2.042,-13.4,0,0.7071068,0,0.7071067,0.1273582,0.7082022,-0.1839837,0.6696114,
20.00082,Maze Immersive,user tracking,n/a,-24.181,2.042,-13.4,0,0.7071068,0,0.7071067,0.1628318,0.6915683,-0.2263981,0.6663054,
20.09968,Maze Immersive,user tracking,n/a,-24.181,2.042,-13.4,0,0.7071068,0,0.7071067,0.1592738,0.6944546,-0.2218132,0.6657053,
20.19813,Maze Immersive,user tracking,n/a,-24.181,2.042,-13.4,0,0.7071068,0,0.7071067,0.1552703,0.6967769,-0.2170094,0.6658078,
20.29713,Maze Immersive,user tracking,n/a,-24.181,2.042,-13.4,0,0.7071068,0,0.7071067,0.136984,0.702391,-0.1946236,0.6708231,
20.3964,Maze Immersive,user tracking,n/a,-24.181,2.042,-13.4,0,0.7071068,0,0.7071067,0.1120997,0.7109486,-0.1588776,0.6758279,
20.49588,Maze Immersive,user tracking,n/a,-24.181,2.042,-13.4,0,0.7071068,0,0.7071067,0.07813415,0.7166193,-0.1137142,0.683682,
20.59491,Maze Immersive,user tracking,n/a,-24.181,2.042,-13.4,0,0.7071068,0,0.7071067,0.04685987,0.7151331,-0.07876734,0.6929534,
20.6942,Maze Immersive,user tracking,n/a,-24.181,2.042,-13.4,0,0.7071068,0,0.7071067,0.03750565,0.7084202,-0.06661943,0.7016382,
20.80734,Maze Immersive,user tracking,n/a,-24.181,2.042,-13.4,0,0.7071068,0,0.7071067,0.04203924,0.7065629,-0.06523443,0.7033818,
20.9057,Maze Immersive,user tracking,n/a,-24.181,2.042,-13.4,0,0.7071068,0,0.7071067,0.04426553,0.7067524,-0.06272043,0.7032835,
21.00465,Maze Immersive,user tracking,n/a,-24.181,2.042,-13.4,0,0.7071068,0,0.7071067,0.04533856,0.7073724,-0.0609952,0.7027434,
21.10348,Maze Immersive,user tracking,n/a,-24.181,2.042,-13.4,0,0.7071068,0,0.7071067,0.04607531,0.7074361,-0.06089326,0.7026402,
21.20308,Maze Immersive,user tracking,n/a,-24.181,2.042,-13.4,0,0.7071068,0,0.7071067,0.04626232,0.7078751,-0.06208006,0.7020817,
21.30283,Maze Immersive,user tracking,n/a,-24.181,2.042,-13.4,0,0.7071068,0,0.7071067,0.04686576,0.7086224,-0.06351626,0.7011587,
21.40221,Maze Immersive,user tracking,n/a,-24.181,2.042,-13.4,0,0.7071068,0,0.7071067,0.04765862,0.7092266,-0.06421107,0.7004306,
21.50127,Maze Immersive,user tracking,n/a,-24.181,2.042,-13.4,0,0.7071068,0,0.7071067,0.04795526,0.7093812,-0.06457334,0.7002205,
21.59975,Maze Immersive,user tracking,n/a,-24.181,2.042,-13.4,0,0.7071068,0,0.7071067,0.04879652,0.7089636,-0.064519,0.7005903,
21.69926,Maze Immersive,user tracking,n/a,-24.181,2.042,-13.4,0,0.7071068,0,0.7071067,0.04936408,0.7084578,-0.06424917,0.7010868,
21.7977,Maze Immersive,user tracking,n/a,-24.181,2.042,-13.4,0,0.7071068,0,0.7071067,0.04937739,0.7078803,-0.06410766,0.701682,
21.89707,Maze Immersive,user tracking,n/a,-24.181,2.042,-13.4,0,0.7071068,0,0.7071067,0.04829313,0.7084482,-0.06373233,0.7012184,
21.99631,Maze Immersive,user tracking,n/a,-24.181,2.042,-13.4,0,0.7071068,0,0.7071067,0.04752702,0.7086654,-0.06318577,0.7011007,
22.09533,Maze Immersive,user tracking,n/a,-24.181,2.042,-13.4,0,0.7071068,0,0.7071067,0.04631561,0.7088363,-0.06330279,0.7009984,
22.19479,Maze Immersive,user tracking,n/a,-24.181,2.042,-13.4,0,0.7071068,0,0.7071067,0.04517185,0.7089102,-0.06274068,0.7010487,
22.29371,Maze Immersive,user tracking,n/a,-24.181,2.042,-13.4,0,0.7071068,0,0.7071067,0.04491872,0.708756,-0.06246369,0.7012455,
22.39305,Maze Immersive,user tracking,n/a,-24.181,2.042,-13.4,0,0.7071068,0,0.7071067,0.04521775,0.7085425,-0.0627486,0.7014167,
22.49188,Maze Immersive,user tracking,n/a,-24.181,2.042,-13.4,0,0.7071068,0,0.7071067,0.04444581,0.708526,-0.062755,0.7014822,
22.60771,Maze Immersive,user tracking,n/a,-24.181,2.042,-13.4,0,0.7071068,0,0.7071067,0.04386531,0.7086956,-0.06314468,0.7013124,
22.70668,Maze Immersive,user tracking,n/a,-24.181,2.042,-13.4,0,0.7071068,0,0.7071067,0.0438516,0.7086478,-0.06351913,0.7013276,
22.80567,Maze Immersive,user tracking,n/a,-24.181,2.042,-13.4,0,0.7071068,0,0.7071067,0.04309602,0.7088819,-0.06390024,0.7011034,
22.90379,Maze Immersive,user tracking,n/a,-24.181,2.042,-13.4,0,0.7071068,0,0.7071067,0.04256084,0.7090303,-0.06422664,0.700956,
23.00336,Maze Immersive,user tracking,n/a,-24.181,2.042,-13.4,0,0.7071068,0,0.7071067,0.04200491,0.7096395,-0.06477939,0.700322,
23.10296,Maze Immersive,user tracking,n/a,-24.181,2.042,-13.4,0,0.7071068,0,0.7071067,0.04152697,0.7102143,-0.06545538,0.6997048,
23.20256,Maze Immersive,user tracking,n/a,-24.181,2.042,-13.4,0,0.7071068,0,0.7071067,0.04094153,0.710116,-0.06566185,0.6998196,
23.30175,Maze Immersive,user tracking,n/a,-24.181,2.042,-13.4,0,0.7071068,0,0.7071067,0.04158635,0.7099815,-0.06594969,0.699891,
23.40047,Maze Immersive,user tracking,n/a,-24.181,2.042,-13.4,0,0.7071068,0,0.7071067,0.04200597,0.7098104,-0.06615302,0.7000202,
23.49987,Maze Immersive,user tracking,n/a,-24.181,2.042,-13.4,0,0.7071068,0,0.7071067,0.04205843,0.709756,-0.06613952,0.7000737,
23.59868,Maze Immersive,user tracking,n/a,-24.181,2.042,-13.4,0,0.7071068,0,0.7071067,0.04254888,0.7095166,-0.06601888,0.700298,
23.6975,Maze Immersive,user tracking,n/a,-24.181,2.042,-13.4,0,0.7071068,0,0.7071067,0.04309616,0.7091008,-0.06596693,0.7006903,
23.79572,Maze Immersive,user tracking,n/a,-24.181,2.042,-13.4,0,0.7071068,0,0.7071067,0.04419848,0.7086803,-0.06682258,0.7009661,
23.89424,Maze Immersive,user tracking,n/a,-24.181,2.042,-13.4,0,0.7071068,0,0.7071067,0.04540322,0.7089817,-0.06894708,0.7003783,
23.99291,Maze Immersive,user tracking,n/a,-24.181,2.042,-13.4,0,0.7071068,0,0.7071067,0.0458816,0.7092853,-0.07187948,0.6997447,
24.10699,Maze Immersive,user tracking,n/a,-24.181,2.042,-13.4,0,0.7071068,0,0.7071067,0.04878536,0.7098863,-0.07706775,0.6983852,
24.20572,Maze Immersive,user tracking,n/a,-24.181,2.042,-13.4,0,0.7071068,0,0.7071067,0.04829942,0.7098809,-0.077855,0.6983371,
24.30355,Maze Immersive,user tracking,n/a,-24.181,2.042,-13.4,0,0.7071068,0,0.7071067,0.03616074,0.7100508,-0.06640919,0.7000787,
24.40238,Maze Immersive,user tracking,n/a,-24.181,2.042,-13.4,0,0.7071068,0,0.7071067,0.004036705,0.7117997,-0.03269928,0.7016093,
24.50061,Maze Immersive,user tracking,n/a,-24.181,2.042,-13.4,0,0.7071068,0,0.7071067,-0.01088447,0.7096921,-0.0206845,0.7041241,
24.59956,Maze Immersive,user tracking,n/a,-24.181,2.042,-13.4,0,0.7071068,0,0.7071067,0.003582485,0.7063143,-0.03216461,0.707158,
24.69827,Maze Immersive,user tracking,n/a,-24.181,2.042,-13.4,0,0.7071068,0,0.7071067,0.01195624,0.7060942,-0.03831227,0.7069796,
24.79767,Maze Immersive,user tracking,n/a,-24.181,2.042,-13.4,0,0.7071068,0,0.7071067,0.01099367,0.7079316,-0.03650985,0.705251,
24.89666,Maze Immersive,user tracking,n/a,-24.181,2.042,-13.4,0,0.7071068,0,0.7071067,0.007814988,0.7085121,-0.03459691,0.7048067,
24.99601,Maze Immersive,user tracking,n/a,-24.181,2.042,-13.4,0,0.7071068,0,0.7071067,0.01339858,0.7088231,-0.04268596,0.703966,
25.09463,Maze Immersive,user tracking,n/a,-24.181,2.042,-13.4,0,0.7071068,0,0.7071067,0.01876613,0.7088033,-0.04708867,0.7035825,
25.19368,Maze Immersive,user tracking,n/a,-24.181,2.042,-13.4,0,0.7071068,0,0.7071067,0.02110646,0.7087418,-0.04838368,0.7034901,
25.2933,Maze Immersive,user tracking,n/a,-24.181,2.042,-13.4,0,0.7071068,0,0.7071067,0.02173082,0.7086549,-0.04909671,0.7035094,
25.39149,Maze Immersive,user tracking,n/a,-24.181,2.042,-13.4,0,0.7071068,0,0.7071067,0.02190973,0.7092425,-0.04946936,0.7028853,
25.50696,Maze Immersive,user tracking,n/a,-24.181,2.042,-13.4,0,0.7071068,0,0.7071067,0.02228215,0.7090364,-0.05024529,0.7030264,
25.60562,Maze Immersive,user tracking,n/a,-24.181,2.042,-13.4,0,0.7071068,0,0.7071067,0.02375974,0.7094084,-0.05101597,0.7025472,
25.70475,Maze Immersive,user tracking,n/a,-24.181,2.042,-13.4,0,0.7071068,0,0.7071067,0.02496377,0.7090185,-0.05291985,0.7027581,
25.80313,Maze Immersive,user tracking,n/a,-24.181,2.042,-13.4,0,0.7071068,0,0.7071067,0.0265982,0.7098863,-0.05536426,0.701633,
25.90166,Maze Immersive,user tracking,n/a,-24.181,2.042,-13.4,0,0.7071068,0,0.7071067,0.02842621,0.7101752,-0.05762326,0.7010869,
26.00107,Maze Immersive,user tracking,n/a,-24.181,2.042,-13.4,0,0.7071068,0,0.7071067,0.02883809,0.7099627,-0.05802905,0.7012515,
26.09976,Maze Immersive,user tracking,n/a,-24.181,2.042,-13.4,0,0.7071068,0,0.7071067,0.02899048,0.7100495,-0.05808984,0.7011524,
26.19932,Maze Immersive,user tracking,n/a,-24.181,2.042,-13.4,0,0.7071068,0,0.7071067,0.02916391,0.7102169,-0.05846887,0.7009441,
26.2989,Maze Immersive,user tracking,n/a,-24.181,2.042,-13.4,0,0.7071068,0,0.7071067,0.02997932,0.7102322,-0.05942283,0.7008141,
26.39843,Maze Immersive,user tracking,n/a,-24.181,2.042,-13.4,0,0.7071068,0,0.7071067,0.03117252,0.7110602,-0.06039912,0.6998383,
26.49703,Maze Immersive,user tracking,n/a,-24.181,2.042,-13.4,0,0.7071068,0,0.7071067,0.03187976,0.712165,-0.0610555,0.6986248,
26.59232,Maze Immersive,user tracking,n/a,-24.181,2.042,-13.4,0,0.7071068,0,0.7071067,0.03166877,0.7120637,-0.06118241,0.6987266,
26.70764,Maze Immersive,user tracking,n/a,-24.181,2.042,-13.4,0,0.7071068,0,0.7071067,0.03200249,0.710891,-0.06180312,0.69985,
26.80466,Maze Immersive,user tracking,n/a,-24.181,2.042,-13.4,0,0.7071068,0,0.7071067,0.03325722,0.710562,-0.06373694,0.6999521,
26.90414,Maze Immersive,user tracking,n/a,-24.181,2.042,-13.4,0,0.7071068,0,0.7071067,0.03294268,0.7109728,-0.06422514,0.6995053,
27.00234,Maze Immersive,user tracking,n/a,-24.181,2.042,-13.4,0,0.7071068,0,0.7071067,0.03286114,0.7111309,-0.06491994,0.6992842,
27.10148,Maze Immersive,user tracking,n/a,-24.181,2.042,-13.4,0,0.7071068,0,0.7071067,0.03437254,0.7105352,-0.06575222,0.699739,
27.20047,Maze Immersive,user tracking,n/a,-24.181,2.042,-13.4,0,0.7071068,0,0.7071067,0.03472377,0.7101181,-0.06501197,0.7002141,
27.29876,Maze Immersive,user tracking,n/a,-24.181,2.042,-13.4,0,0.7071068,0,0.7071067,0.03435391,0.7099258,-0.0640355,0.7005172,
27.3975,Maze Immersive,user tracking,n/a,-24.17267,2.08,-13.40007,0,0.7071068,0,0.7071067,0.03555056,0.7087667,-0.06415676,0.7016193,
27.49604,Maze Immersive,user tracking,n/a,-24.00274,2.08,-13.40128,0,0.7071068,0,0.7071067,0.03581617,0.7080098,-0.06337684,0.7024406,
27.5954,Maze Immersive,user tracking,n/a,-23.53283,2.08,-13.40396,0,0.7071068,0,0.7071067,0.034949,0.707432,-0.06397659,0.7030118,
27.69331,Maze Immersive,user tracking,n/a,-22.76293,2.08,-13.40674,0,0.7071068,0,0.7071067,0.03460528,0.7063223,-0.06407324,0.7041348,
27.80693,Maze Immersive,user tracking,n/a,-21.77981,2.08,-13.40743,0,0.7071068,0,0.7071067,0.02962284,0.7071287,-0.06210697,0.7037287,
27.90623,Maze Immersive,user tracking,n/a,-20.78833,2.08,-13.4095,0,0.7071068,0,0.7071067,0.03010039,0.7073597,-0.06312676,0.7033856,
28.00554,Maze Immersive,user tracking,n/a,-19.88039,2.08,-13.41184,0,0.7071068,0,0.7071067,0.02740484,0.7079474,-0.06112509,0.7030812,
28.10439,Maze Immersive,user tracking,n/a,-19.2641,2.08,-13.41348,0,0.7071068,0,0.7071067,0.02617619,0.7083859,-0.06071501,0.7027217,
28.20355,Maze Immersive,user tracking,n/a,-18.94781,2.08,-13.41432,0,0.7071068,0,0.7071067,0.02665253,0.708356,-0.06008364,0.7027884,
28.30246,Maze Immersive,user tracking,n/a,-18.90217,2.08,-13.41444,0,0.7071068,0,0.7071067,0.02638867,0.7078819,-0.05892581,0.7033736,
28.40128,Maze Immersive,user tracking,n/a,-18.90217,2.08,-13.41444,0,0.7071068,0,0.7071067,0.02640186,0.7074203,-0.05831688,0.7038882,
28.50025,Maze Immersive,user tracking,n/a,-18.85217,2.08,-13.41452,0,0.7071068,0,0.7071067,0.02586637,0.7070264,-0.05799884,0.70433,
28.59929,Maze Immersive,user tracking,n/a,-18.52718,2.08,-13.41488,0,0.7071068,0,0.7071067,0.02632949,0.7063444,-0.0579994,0.7049966,
28.69795,Maze Immersive,user tracking,n/a,-17.90219,2.08,-13.41481,0,0.7071068,0,0.7071067,0.02743541,0.7060243,-0.0583163,0.7052489,
28.79563,Maze Immersive,user tracking,n/a,-16.98799,2.08,-13.41338,0,0.7071068,0,0.7071067,0.02780151,0.7055022,-0.05786449,0.705794,
28.89476,Maze Immersive,user tracking,n/a,-15.99531,2.08,-13.41012,0,0.7071068,0,0.7071067,0.027413,0.7053919,-0.0579326,0.705914,
28.99397,Maze Immersive,user tracking,n/a,-15.0026,2.08,-13.40712,0,0.7071068,0,0.7071067,0.02777319,0.7057084,-0.05786425,0.7055891,
29.09289,Maze Immersive,user tracking,n/a,-14.00998,2.08,-13.40443,0,0.7071068,0,0.7071067,0.02848927,0.7051247,-0.05824658,0.7061124,
29.1923,Maze Immersive,user tracking,n/a,-13.01755,2.08,-13.39994,0,0.7071068,0,0.7071067,0.02955103,0.7042469,-0.0588539,0.7068941,
29.3074,Maze Immersive,user tracking,n/a,-12.02546,2.08,-13.3924,0,0.7071068,0,0.7071067,0.03076443,0.7026728,-0.05942634,0.7083594,
29.40675,Maze Immersive,user tracking,n/a,-11.03371,2.08,-13.38118,0,0.7071068,0,0.7071067,0.03147614,0.7021029,-0.05982147,0.7088596,
29.5062,Maze Immersive,user tracking,n/a,-10.04212,2.08,-13.36899,0,0.7071068,0,0.7071067,0.03173092,0.701992,-0.05979413,0.7089605,
29.60561,Maze Immersive,user tracking,n/a,-9.05056,2.08,-13.35635,0,0.7071068,0,0.7071067,0.03204463,0.7015938,-0.06031575,0.7092962,
29.7017,Maze Immersive,user tracking,n/a,-8.083569,2.08,-13.34272,0,0.7071068,0,0.7071067,0.03311049,0.6995923,-0.06135924,0.7111323,
29.79904,Maze Immersive,user tracking,n/a,-7.365305,2.08,-13.33213,0,0.7071068,0,0.7071067,0.0355922,0.6905809,-0.06132205,0.7197715,
29.89788,Maze Immersive,user tracking,n/a,-6.946939,2.08,-13.32475,0,0.7071068,0,0.7071067,0.03949534,0.6800174,-0.06283388,0.7294301,
29.99697,Maze Immersive,user tracking,n/a,-6.728451,2.08,-13.15659,0,0.7071068,0,0.7071067,0.04306721,0.668882,-0.06370155,0.7393811,
30.09527,Maze Immersive,user tracking,n/a,-6.649983,2.08,-12.72401,0,0.7071068,0,0.7071067,0.04560731,0.6531107,-0.06802192,0.7528208,
30.1944,Maze Immersive,user tracking,n/a,-6.621208,2.08,-12.22659,0,0.7071068,0,0.7071067,0.04917565,0.6203614,-0.07575466,0.7790985,
30.29328,Maze Immersive,user tracking,n/a,-6.59317,2.08,-12.19323,0,0.7071068,0,0.7071067,0.05138647,0.5766665,-0.08468711,0.8109521,
30.39196,Maze Immersive,user tracking,n/a,-6.57842,2.08,-12.1748,0,0.7071068,0,0.7071067,0.05867708,0.5378135,-0.09243274,0.8359244,
30.5079,Maze Immersive,user tracking,n/a,-6.569761,2.08,-12.16372,0,0.7071068,0,0.7071067,0.07866831,0.5064706,-0.112596,0.8512467,
30.60645,Maze Immersive,user tracking,n/a,-6.570134,2.08,-12.16418,0,0.7071068,0,0.7071067,0.1055109,0.6017883,-0.1391502,0.7793301,
30.70556,Maze Immersive,user tracking,n/a,-6.570134,2.08,-12.16418,0,0.7071068,0,0.7071067,0.1309861,0.7497058,-0.1643444,0.6275147,
30.80365,Maze Immersive,user tracking,n/a,-6.570134,2.08,-12.16418,0,0.7071068,0,0.7071067,0.1370024,0.838075,-0.1858685,0.4942808,
30.90307,Maze Immersive,user tracking,n/a,-6.570134,2.08,-12.16418,0,0.7071068,0,0.7071067,0.1319842,0.8637633,-0.2056518,0.4406819,
31.00193,Maze Immersive,user tracking,n/a,-6.570134,2.08,-12.16418,0,0.7071068,0,0.7071067,0.1286289,0.8625287,-0.2157305,0.439271,
31.1011,Maze Immersive,user tracking,n/a,-6.570134,2.08,-12.16418,0,0.7071068,0,0.7071067,0.1252864,0.8517205,-0.2193907,0.4590676,
31.20018,Maze Immersive,user tracking,n/a,-6.570134,2.08,-12.16418,0,0.7071068,0,0.7071067,0.1206491,0.8417663,-0.2230229,0.4765859,
31.2995,Maze Immersive,user tracking,n/a,-6.570134,2.08,-12.16418,0,0.7071068,0,0.7071067,0.1172559,0.8385761,-0.2261196,0.4815712,
31.39865,Maze Immersive,user tracking,n/a,-6.570134,2.08,-12.16418,0,0.7071068,0,0.7071067,0.1164191,0.8360364,-0.2251575,0.4866147,
31.49689,Maze Immersive,user tracking,n/a,-6.570134,2.08,-12.16418,0,0.7071068,0,0.7071067,0.1151998,0.8047326,-0.2178125,0.5400853,
31.59585,Maze Immersive,user tracking,n/a,-6.570134,2.08,-12.16418,0,0.7071068,0,0.7071067,0.1056619,0.7077228,-0.2210182,0.6626575,
31.69475,Maze Immersive,user tracking,n/a,-6.570134,2.08,-12.16418,0,0.7071068,0,0.7071067,0.1061696,0.5643125,-0.2217555,0.7881014,
31.79321,Maze Immersive,user tracking,n/a,-6.570134,2.08,-12.16418,0,0.7071068,0,0.7071067,0.1131418,0.4268287,-0.2090502,0.8725331,
31.89198,Maze Immersive,user tracking,n/a,-6.570134,2.08,-12.16418,0,0.7071068,0,0.7071067,0.1152221,0.3247174,-0.2000108,0.9172121,
32.00763,Maze Immersive,user tracking,n/a,-6.570134,2.08,-12.16418,0,0.7071068,0,0.7071067,0.113819,0.26459,-0.1879451,0.9389962,
32.10699,Maze Immersive,user tracking,n/a,-6.570134,2.08,-12.16418,0,0.7071068,0,0.7071067,0.1119116,0.2478192,-0.1837487,0.9446152,
32.20658,Maze Immersive,user tracking,n/a,-6.570134,2.08,-12.16418,0,0.7071068,0,0.7071067,0.110617,0.2531884,-0.1754297,0.9449252,
32.30588,Maze Immersive,user tracking,n/a,-6.570134,2.08,-12.16418,0,0.7071068,0,0.7071067,0.108485,0.2587737,-0.1687196,0.9448813,
32.40516,Maze Immersive,user tracking,n/a,-6.572857,2.08,-12.16753,0,0.7071068,0,0.7071067,0.1061693,0.2640501,-0.1613887,0.9449652,
32.50375,Maze Immersive,user tracking,n/a,-6.576106,2.08,-12.17149,0,0.7071068,0,0.7071067,0.103237,0.2691477,-0.155864,0.9447793,
32.6027,Maze Immersive,user tracking,n/a,-6.579292,2.08,-12.17534,0,0.7071068,0,0.7071067,0.1009267,0.2743815,-0.1525407,0.9440657,
32.70152,Maze Immersive,user tracking,n/a,-6.581828,2.08,-12.17838,0,0.7071068,0,0.7071067,0.0981967,0.279624,-0.1498617,0.943244,
32.79927,Maze Immersive,user tracking,n/a,-6.581828,2.08,-12.17838,0,0.7071068,0,0.7071067,0.0949126,0.2838144,-0.1456282,0.9429917,
32.89852,Maze Immersive,user tracking,n/a,-6.581828,2.08,-12.17838,0,0.7071068,0,0.7071067,0.09270802,0.2854779,-0.1422063,0.9432311,
32.99707,Maze Immersive,user tracking,n/a,-6.581828,2.08,-12.17838,0,0.7071068,0,0.7071067,0.09181966,0.2863892,-0.1399826,0.9433743,
33.09627,Maze Immersive,user tracking,n/a,-6.562777,2.08,-12.14824,0,0.7071068,0,0.7071067,0.09116802,0.2887539,-0.1364731,0.943231,
33.19556,Maze Immersive,user tracking,n/a,-6.403697,2.08,-11.89825,0,0.7071068,0,0.7071067,0.09045998,0.2913059,-0.1325846,0.943069,
33.29458,Maze Immersive,user tracking,n/a,-6.081171,2.08,-11.39672,0,0.7071068,0,0.7071067,0.08865097,0.2935162,-0.1298715,0.942933,
33.3936,Maze Immersive,user tracking,n/a,-5.725946,2.08,-10.85239,0,0.7071068,0,0.7071067,0.08667583,0.2950963,-0.1276752,0.9429234,
33.493,Maze Immersive,user tracking,n/a,-5.534048,2.08,-10.55881,0,0.7071068,0,0.7071067,0.0859823,0.2951013,-0.1249897,0.9433449,
33.59252,Maze Immersive,user tracking,n/a,-5.497305,2.08,-10.5026,0,0.7071068,0,0.7071067,0.08665099,0.2945559,-0.122802,0.9437416,
33.70742,Maze Immersive,user tracking,n/a,-5.598554,2.08,-10.42929,0,0.7071068,0,0.7071067,0.08863764,0.2929409,-0.1226608,0.944078,
33.80597,Maze Immersive,user tracking,n/a,-5.961832,2.08,-10.21468,0,0.7071068,0,0.7071067,0.08983988,0.2923627,-0.1229845,0.9441015,
33.90493,Maze Immersive,user tracking,n/a,-6.326469,2.08,-9.985473,0,0.7071068,0,0.7071067,0.09054723,0.2920156,-0.1220049,0.9442685,
34.0041,Maze Immersive,user tracking,n/a,-6.326468,2.08,-9.964867,0,0.7071068,0,0.7071067,0.09026749,0.2920668,-0.1203168,0.9444959,
34.10233,Maze Immersive,user tracking,n/a,-6.333984,2.08,-9.946149,0,0.7071068,0,0.7071067,0.08999717,0.2948041,-0.118953,0.9438437,
34.20121,Maze Immersive,user tracking,n/a,-6.333984,2.08,-9.946149,0,0.7071068,0,0.7071067,0.08839294,0.29918,-0.1174058,0.9428117,
34.30017,Maze Immersive,user tracking,n/a,-6.333984,2.08,-9.946149,0,0.7071068,0,0.7071067,0.08500402,0.3021469,-0.1145274,0.942531,
34.3989,Maze Immersive,user tracking,n/a,-6.333984,2.08,-9.946149,0,0.7071068,0,0.7071067,0.08353635,0.3009938,-0.1123649,0.9432913,
34.49755,Maze Immersive,user tracking,n/a,-6.333984,2.08,-9.946149,0,0.7071068,0,0.7071067,0.08424522,0.2994684,-0.1121624,0.9437377,
34.59682,Maze Immersive,user tracking,n/a,-6.333984,2.08,-9.946149,0,0.7071068,0,0.7071067,0.08481517,0.3000887,-0.1116978,0.9435447,
34.69611,Maze Immersive,user tracking,n/a,-6.333984,2.08,-9.946149,0,0.7071068,0,0.7071067,0.08405682,0.2998168,-0.1093711,0.9439716,
34.79519,Maze Immersive,user tracking,n/a,-6.333984,2.08,-9.946149,0,0.7071068,0,0.7071067,0.08280718,0.2999888,-0.1079152,0.9441948,
34.89393,Maze Immersive,user tracking,n/a,-6.333984,2.08,-9.946149,0,0.7071068,0,0.7071067,0.08195136,0.3009535,-0.1071862,0.9440455,
34.99286,Maze Immersive,user tracking,n/a,-6.333984,2.08,-9.946149,0,0.7071068,0,0.7071067,0.08029518,0.3006152,-0.1057539,0.9444571,
35.10744,Maze Immersive,user tracking,n/a,-6.333984,2.08,-9.946149,0,0.7071068,0,0.7071067,0.07545463,0.2926862,-0.1043045,0.947503,
35.20699,Maze Immersive,user tracking,n/a,-6.333984,2.08,-9.946149,0,0.7071068,0,0.7071067,0.07572541,0.3083704,-0.1020208,0.9427434,
35.30597,Maze Immersive,user tracking,n/a,-6.333984,2.08,-9.946149,0,0.7071068,0,0.7071067,0.07422623,0.3528824,-0.09921205,0.9274274,
35.40509,Maze Immersive,user tracking,n/a,-6.333984,2.08,-9.946149,0,0.7071068,0,0.7071067,0.07883215,0.4238908,-0.08222832,0.8985213,
35.50439,Maze Immersive,user tracking,n/a,-6.333984,2.08,-9.946149,0,0.7071068,0,0.7071067,0.08182753,0.4885088,-0.06863923,0.8659977,
35.60297,Maze Immersive,user tracking,n/a,-6.333984,2.08,-9.946149,0,0.7071068,0,0.7071067,0.08642042,0.5389051,-0.06284048,0.835562,
35.70232,Maze Immersive,user tracking,n/a,-6.333984,2.08,-9.946149,0,0.7071068,0,0.7071067,0.08628833,0.5599201,-0.06115162,0.8217688,
35.79792,Maze Immersive,user tracking,n/a,-6.333984,2.08,-9.946149,0,0.7071068,0,0.7071067,0.08395963,0.550294,-0.06355578,0.8283043,
35.89727,Maze Immersive,user tracking,n/a,-6.333984,2.08,-9.946149,0,0.7071068,0,0.7071067,0.0782877,0.5296683,-0.06776917,0.8418609,
35.99652,Maze Immersive,user tracking,n/a,-6.345033,2.08,-9.923723,0,0.7071068,0,0.7071067,0.07723642,0.5217444,-0.07001086,0.8467088,
36.09492,Maze Immersive,user tracking,n/a,-6.364473,2.08,-9.729682,0,0.7071068,0,0.7071067,0.07585092,0.5161818,-0.07156717,0.8501064,
36.19429,Maze Immersive,user tracking,n/a,-6.364473,2.08,-9.513128,0,0.7071068,0,0.7071067,0.07472646,0.5138514,-0.07253815,0.8515344,
36.29293,Maze Immersive,user tracking,n/a,-6.364473,2.08,-9.300513,0,0.7071068,0,0.7071067,0.07378067,0.5129024,-0.07263963,0.8521801,
36.39188,Maze Immersive,user tracking,n/a,-6.364473,2.08,-9.091972,0,0.7071068,0,0.7071067,0.07247309,0.5061131,-0.07391747,0.8562319,
36.50684,Maze Immersive,user tracking,n/a,-6.36417,2.08,-8.890833,0,0.7071068,0,0.7071067,0.071631,0.4992022,-0.0742865,0.8603184,
36.60565,Maze Immersive,user tracking,n/a,-6.36417,2.08,-8.702285,0,0.7071068,0,0.7071067,0.07118273,0.4979,-0.07387721,0.8611449,
36.70436,Maze Immersive,user tracking,n/a,-6.36417,2.08,-8.52065,0,0.7071068,0,0.7071067,0.07104059,0.4962549,-0.07352029,0.8621363,
36.79996,Maze Immersive,user tracking,n/a,-6.36417,2.08,-8.34306,0,0.7071068,0,0.7071067,0.07342,0.4882142,-0.07344361,0.8665232,
36.89916,Maze Immersive,user tracking,n/a,-6.36417,2.08,-8.172785,0,0.7071068,0,0.7071067,0.07732892,0.4845542,-0.07240203,0.8683233,
36.9981,Maze Immersive,user tracking,n/a,-6.36417,2.08,-8.010906,0,0.7071068,0,0.7071067,0.0811713,0.4839672,-0.07134803,0.8683873,
37.09684,Maze Immersive,user tracking,n/a,-6.36417,2.08,-7.852931,0,0.7071068,0,0.7071067,0.08577174,0.4884773,-0.07006548,0.8655195,
37.196,Maze Immersive,user tracking,n/a,-6.36417,2.08,-7.693022,0,0.7071068,0,0.7071067,0.0945418,0.5003123,-0.06696117,0.8580593,
37.29507,Maze Immersive,user tracking,n/a,-6.364587,2.08,-7.522069,0,0.7071068,0,0.7071067,0.1021928,0.519948,-0.06339514,0.8456901,
37.39365,Maze Immersive,user tracking,n/a,-6.405115,2.08,-7.28644,0,0.7071068,0,0.7071067,0.1066297,0.5423837,-0.0597109,0.8311948,
37.49176,Maze Immersive,user tracking,n/a,-6.592426,2.08,-6.854641,0,0.7071068,0,0.7071067,0.1085588,0.5593024,-0.05677158,0.8198614,
37.60571,Maze Immersive,user tracking,n/a,-6.883163,2.08,-6.14325,0,0.7071068,0,0.7071067,0.1108116,0.5769523,-0.05855492,0.8071048,
37.70455,Maze Immersive,user tracking,n/a,-7.198163,2.08,-5.207217,0,0.7071068,0,0.7071067,0.1105264,0.596465,-0.0622488,0.7925518,
37.80179,Maze Immersive,user tracking,n/a,-7.43834,2.08,-4.418185,0,0.7071068,0,0.7071067,0.1096525,0.6177833,-0.06658471,0.7758133,
37.90073,Maze Immersive,user tracking,n/a,-7.481706,2.08,-4.376534,0,0.7071068,0,0.7071067,0.1063568,0.6330293,-0.06856558,0.7637151,
37.99888,Maze Immersive,user tracking,n/a,-7.481706,2.08,-4.376534,0,0.7071068,0,0.7071067,0.1029133,0.6460151,-0.07492162,0.7526355,
38.09816,Maze Immersive,user tracking,n/a,-7.481706,2.08,-4.376534,0,0.7071068,0,0.7071067,0.09910467,0.6524307,-0.07728964,0.7473544,
38.19664,Maze Immersive,user tracking,n/a,-7.481706,2.08,-4.376534,0,0.7071068,0,0.7071067,0.09721412,0.654542,-0.07757104,0.7457256,
38.29588,Maze Immersive,user tracking,n/a,-7.360607,2.08,-4.38822,0,0.7071068,0,0.7071067,0.09601484,0.6542622,-0.07764621,0.7461188,
38.39495,Maze Immersive,user tracking,n/a,-6.966328,2.08,-4.5158,0,0.7071068,0,0.7071067,0.09574027,0.65235,-0.07678021,0.7479157,
38.49408,Maze Immersive,user tracking,n/a,-6.301665,2.08,-4.773326,0,0.7071068,0,0.7071067,0.0949552,0.6514804,-0.07705124,0.7487455,
38.59257,Maze Immersive,user tracking,n/a,-5.68125,2.08,-5.035073,0,0.7071068,0,0.7071067,0.09453213,0.6510496,-0.07543147,0.7493386,
38.7073,Maze Immersive,user tracking,n/a,-5.33633,2.07918,-5.179055,0,0.7071068,0,0.7071067,0.09340058,0.6491291,-0.07309556,0.7513751,
38.8045,Maze Immersive,user tracking,n/a,-5.260175,2.08,-5.210845,0,0.7071068,0,0.7071067,0.0922914,0.6475312,-0.0701545,0.7531693,
38.90338,Maze Immersive,user tracking,n/a,-5.260175,2.08,-5.210845,0,0.7071068,0,0.7071067,0.09166752,0.6466181,-0.06952607,0.7540877,
39.00249,Maze Immersive,user tracking,n/a,-5.260175,2.08,-5.210845,0,0.7071068,0,0.7071067,0.09151921,0.6469321,-0.0703328,0.7537614,
39.10131,Maze Immersive,user tracking,n/a,-5.260175,2.08,-5.210845,0,0.7071068,0,0.7071067,0.09076801,0.6485779,-0.07231076,0.7522492,
39.2009,Maze Immersive,user tracking,n/a,-5.260175,2.08,-5.210845,0,0.7071068,0,0.7071067,0.09042396,0.6497158,-0.07395116,0.7511485,
39.29989,Maze Immersive,user tracking,n/a,-5.260175,2.08,-5.210845,0,0.7071068,0,0.7071067,0.08934806,0.6515601,-0.07598513,0.7494748,
39.3991,Maze Immersive,user tracking,n/a,-5.260175,2.08,-5.210845,0,0.7071068,0,0.7071067,0.08669057,0.6542721,-0.07755717,0.74726,
39.49751,Maze Immersive,user tracking,n/a,-5.260175,2.08,-5.210845,0,0.7071068,0,0.7071067,0.07936373,0.6599039,-0.07651958,0.7432178,
39.5962,Maze Immersive,user tracking,n/a,-5.260175,2.08,-5.210845,0,0.7071068,0,0.7071067,0.07251097,0.6685121,-0.07550901,0.7362962,
39.6949,Maze Immersive,user tracking,n/a,-5.260175,2.08,-5.210845,0,0.7071068,0,0.7071067,0.06304506,0.6767014,-0.07870541,0.7293189,
39.79387,Maze Immersive,user tracking,n/a,-5.177057,2.08,-5.205401,0,0.7071068,0,0.7071067,0.05018441,0.6884512,-0.08265748,0.7188073,
39.89286,Maze Immersive,user tracking,n/a,-4.802702,2.08,-5.185533,0,0.7071068,0,0.7071067,0.04826171,0.6904443,-0.08141129,0.7171677,
39.99179,Maze Immersive,user tracking,n/a,-4.128542,2.08,-5.155026,0,0.7071068,0,0.7071067,0.0418925,0.6917967,-0.08284047,0.7161004,
40.09153,Maze Immersive,user tracking,n/a,-3.186666,2.08,-5.117929,0,0.7071068,0,0.7071067,0.03515404,0.6949627,-0.08462402,0.7131829,
40.2067,Maze Immersive,user tracking,n/a,-2.201599,2.08,-5.101589,0,0.7071068,0,0.7071067,0.02957118,0.7126771,-0.0933623,0.6946226,
40.30613,Maze Immersive,user tracking,n/a,-1.298997,2.08,-5.120958,0,0.7071068,0,0.7071067,0.0260567,0.7314204,-0.09599687,0.6746331,
40.40427,Maze Immersive,user tracking,n/a,-0.6873767,2.08,-5.136572,0,0.7071068,0,0.7071067,0.02095583,0.7457575,-0.09131131,0.6595975,
40.50394,Maze Immersive,user tracking,n/a,-0.3756565,2.08,-5.14453,0,0.7071068,0,0.7071067,0.01183452,0.7637284,-0.0925471,0.6387596,
40.60264,Maze Immersive,user tracking,n/a,-0.3322589,2.08,-5.145638,0,0.7071068,0,0.7071067,0.006544262,0.7856384,-0.09909685,0.6106628,
40.70146,Maze Immersive,user tracking,n/a,-0.3467029,2.08,-5.193503,0,0.7071068,0,0.7071067,0.00558497,0.8062236,-0.1041678,0.5823413,
40.7922,Maze Immersive,user tracking,n/a,-0.4497704,2.08,-5.501582,0,0.7071068,0,0.7071067,0.001947142,0.8209808,-0.1127543,0.5597082,
40.90787,Maze Immersive,user tracking,n/a,-0.6727174,2.08,-6.045817,0,0.7071068,0,0.7071067,0.00313016,0.831549,-0.1156307,0.5432733,
41.00599,Maze Immersive,user tracking,n/a,-0.736259,2.08,-6.047066,0,0.7071068,0,0.7071067,0.007437248,0.8310877,-0.1147398,0.5441257,
41.10514,Maze Immersive,user tracking,n/a,-0.759295,2.08,-6.047066,0,0.7071068,0,0.7071067,0.01207189,0.8305091,-0.1155727,0.5447495,
41.20427,Maze Immersive,user tracking,n/a,-0.759295,2.08,-6.047066,0,0.7071068,0,0.7071067,0.01858805,0.8299581,-0.11601,0.5453123,
41.30157,Maze Immersive,user tracking,n/a,-0.759295,2.08,-6.047066,0,0.7071068,0,0.7071067,0.02333125,0.82756,-0.1163144,0.5486994,
41.40015,Maze Immersive,user tracking,n/a,-0.759295,2.08,-6.047066,0,0.7071068,0,0.7071067,0.02836242,0.8217081,-0.1172903,0.5569866,
41.49872,Maze Immersive,user tracking,n/a,-0.759295,2.08,-6.047066,0,0.7071068,0,0.7071067,0.03270938,0.8152753,-0.1200124,0.5655556,
41.59727,Maze Immersive,user tracking,n/a,-0.759295,2.08,-6.047066,0,0.7071068,0,0.7071067,0.03483209,0.8118073,-0.121886,0.5699992,
41.69631,Maze Immersive,user tracking,n/a,-0.759295,2.08,-6.047066,0,0.7071068,0,0.7071067,0.03501277,0.8104863,-0.1226442,0.5717033,
41.79508,Maze Immersive,user tracking,n/a,-0.759295,2.08,-6.047066,0,0.7071068,0,0.7071067,0.03539202,0.8099774,-0.1232045,0.5722802,
41.89431,Maze Immersive,user tracking,n/a,-0.759295,2.08,-6.047066,0,0.7071068,0,0.7071067,0.03536282,0.8088504,-0.1242161,0.5736556,
41.99294,Maze Immersive,user tracking,n/a,-0.759295,2.08,-6.047066,0,0.7071068,0,0.7071067,0.03537829,0.8076607,-0.1238337,0.575411,
42.09253,Maze Immersive,user tracking,n/a,-0.759295,2.08,-6.047066,0,0.7071068,0,0.7071067,0.03519852,0.8070418,-0.1221075,0.576658,
42.19153,Maze Immersive,user tracking,n/a,-0.759295,2.08,-6.047066,0,0.7071068,0,0.7071067,0.03615526,0.806582,-0.1210302,0.5774686,
42.30727,Maze Immersive,user tracking,n/a,-0.756551,2.08,-6.039198,0,0.7071068,0,0.7071067,0.03625073,0.8058302,-0.1193435,0.5788617,
42.40679,Maze Immersive,user tracking,n/a,-0.6827259,2.08,-5.826658,0,0.7071068,0,0.7071067,0.03618815,0.805219,-0.1179647,0.5799974,
42.50557,Maze Immersive,user tracking,n/a,-0.5093766,2.08,-5.331149,0,0.7071068,0,0.7071067,0.03597307,0.8045628,-0.1174828,0.5810186,
42.6045,Maze Immersive,user tracking,n/a,-0.3125642,2.08,-4.791416,0,0.7071068,0,0.7071067,0.03538124,0.8046423,-0.1178138,0.5808776,
42.70296,Maze Immersive,user tracking,n/a,-0.2186245,2.08,-4.53349,0,0.7071068,0,0.7071067,0.03567797,0.8072239,-0.118293,0.5771684,
42.80025,Maze Immersive,user tracking,n/a,-0.210126,2.08,-4.510156,0,0.7071068,0,0.7071067,0.03593619,0.8102953,-0.118263,0.5728387,
42.89868,Maze Immersive,user tracking,n/a,-0.210126,2.08,-4.510156,0,0.7071068,0,0.7071067,0.03278707,0.811865,-0.118666,0.5707175,
42.99739,Maze Immersive,user tracking,n/a,-0.210126,2.08,-4.510156,0,0.7071068,0,0.7071067,0.03180626,0.813328,-0.1189209,0.5686332,
43.09646,Maze Immersive,user tracking,n/a,-0.210126,2.08,-4.510156,0,0.7071068,0,0.7071067,0.03203846,0.8136515,-0.1194696,0.5680421,
43.19531,Maze Immersive,user tracking,n/a,-0.210126,2.08,-4.510156,0,0.7071068,0,0.7071067,0.03240997,0.8132154,-0.120187,0.5684939,
43.29464,Maze Immersive,user tracking,n/a,-0.2022643,2.08,-4.512919,0,0.7071068,0,0.7071067,0.03261324,0.81227,-0.1205747,0.5697503,
43.39344,Maze Immersive,user tracking,n/a,0.0100667,2.08,-4.587348,0,0.7071068,0,0.7071067,0.03460344,0.8118571,-0.1201185,0.5703174,
43.49261,Maze Immersive,user tracking,n/a,0.5056617,2.08,-4.760566,0,0.7071068,0,0.7071067,0.03390262,0.8115315,-0.1188624,0.5710856,
43.59214,Maze Immersive,user tracking,n/a,0.9541346,2.08,-4.917059,0,0.7071068,0,0.7071067,0.03372558,0.8118145,-0.1188656,0.5706931,
43.70761,Maze Immersive,user tracking,n/a,1.119358,2.08,-4.974714,0,0.7071068,0,0.7071067,0.03335465,0.8132954,-0.117988,0.5687855,
43.80587,Maze Immersive,user tracking,n/a,1.119358,2.08,-4.974714,0,0.7071068,0,0.7071067,0.03342833,0.815935,-0.1171918,0.5651538,
43.90446,Maze Immersive,user tracking,n/a,1.119358,2.08,-4.974714,0,0.7071068,0,0.7071067,0.03276087,0.8183615,-0.1168846,0.5617375,
44.00311,Maze Immersive,user tracking,n/a,1.119358,2.08,-4.974714,0,0.7071068,0,0.7071067,0.03200796,0.8203162,-0.1171777,0.5588616,
44.1027,Maze Immersive,user tracking,n/a,1.119358,2.08,-4.974714,0,0.7071068,0,0.7071067,0.03212196,0.8219336,-0.1171167,0.5564863,
44.20156,Maze Immersive,user tracking,n/a,1.119358,2.08,-4.974714,0,0.7071068,0,0.7071067,0.03233699,0.8232776,-0.1168739,0.5545348,
44.30072,Maze Immersive,user tracking,n/a,1.119358,2.08,-4.974714,0,0.7071068,0,0.7071067,0.03169014,0.8246138,-0.1158901,0.5527905,
44.39964,Maze Immersive,user tracking,n/a,1.119358,2.08,-4.974714,0,0.7071068,0,0.7071067,0.03063879,0.8257419,-0.1141238,0.5515318,
44.49876,Maze Immersive,user tracking,n/a,1.119358,2.08,-4.974714,0,0.7071068,0,0.7071067,0.02971839,0.827134,-0.1127375,0.5497783,
44.59773,Maze Immersive,user tracking,n/a,1.115649,2.08,-4.999421,0,0.7071068,0,0.7071067,0.02943834,0.8293162,-0.1107566,0.5469012,
44.69597,Maze Immersive,user tracking,n/a,1.064017,2.08,-5.269392,0,0.7071068,0,0.7071067,0.02929805,0.8324049,-0.1136965,0.5415874,
44.79184,Maze Immersive,user tracking,n/a,0.92761,2.08,-5.807202,0,0.7071068,0,0.7071067,0.02823352,0.835376,-0.1152149,0.5367264,
44.90667,Maze Immersive,user tracking,n/a,0.8108333,2.08,-6.209332,0,0.7071068,0,0.7071067,0.03070623,0.8361598,-0.1198299,0.5343545,
45.0064,Maze Immersive,user tracking,n/a,0.7774283,2.08,-6.324365,0,0.7071068,0,0.7071067,0.02747075,0.8404762,-0.1201389,0.5276475,
45.10567,Maze Immersive,user tracking,n/a,0.7774283,2.08,-6.324365,0,0.7071068,0,0.7071067,0.02797549,0.8431732,-0.1213886,0.5230115,
45.20438,Maze Immersive,user tracking,n/a,0.73949,2.08,-6.398561,0,0.7071068,0,0.7071067,0.02960644,0.8458163,-0.1210228,0.5187211,
45.30346,Maze Immersive,user tracking,n/a,0.6589079,2.08,-6.657351,0,0.7071068,0,0.7071067,0.02548847,0.8942649,-0.08944122,0.4377679,
45.40284,Maze Immersive,user tracking,n/a,0.6640798,2.08,-6.669311,0,0.7071068,0,0.7071067,0.03895938,0.9426925,-0.07308531,0.3232209,
45.50152,Maze Immersive,user tracking,n/a,0.6640798,2.08,-6.669311,0,0.7071068,0,0.7071067,0.0344547,0.9379502,-0.08998405,0.3331143,
45.60096,Maze Immersive,user tracking,n/a,0.6640798,2.08,-6.669311,0,0.7071068,0,0.7071067,0.0321157,0.9379581,-0.08743981,0.3340025,
45.70014,Maze Immersive,user tracking,n/a,0.6640798,2.08,-6.669311,0,0.7071068,0,0.7071067,0.03071447,0.9413439,-0.08465449,0.3252105,
45.79715,Maze Immersive,user tracking,n/a,0.6640798,2.08,-6.669311,0,0.7071068,0,0.7071067,0.02707937,0.9416454,-0.08785892,0.3238078,
45.89629,Maze Immersive,user tracking,n/a,0.6640798,2.08,-6.669311,0,0.7071068,0,0.7071067,0.02560153,0.9418887,-0.09086262,0.3223878,
45.99553,Maze Immersive,user tracking,n/a,0.6640798,2.08,-6.669311,0,0.7071068,0,0.7071067,0.02428595,0.9417341,-0.09223062,0.3225532,
46.09463,Maze Immersive,user tracking,n/a,0.6746223,2.08,-6.72473,0,0.7071068,0,0.7071067,0.02291638,0.9408646,-0.09192552,0.3252665,
46.19366,Maze Immersive,user tracking,n/a,0.6988925,2.08,-6.859711,0,0.7071068,0,0.7071067,0.02171269,0.9400721,-0.09302306,0.3273222,
46.29299,Maze Immersive,user tracking,n/a,0.7057473,2.08,-7.173316,0,0.7071068,0,0.7071067,0.02180596,0.9397415,-0.09306838,0.3282511,
46.39275,Maze Immersive,user tracking,n/a,0.7822033,2.08,-7.76672,0,0.7071068,0,0.7071067,0.02192821,0.9394765,-0.09282285,0.3290696,
46.49142,Maze Immersive,user tracking,n/a,0.9839759,2.08,-8.719155,0,0.7071068,0,0.7071067,0.02062748,0.9392892,-0.09404045,0.3293428,
46.60743,Maze Immersive,user tracking,n/a,1.136216,2.08,-9.411578,0,0.7071068,0,0.7071067,0.01686495,0.9372791,-0.09502582,0.334953,
46.70715,Maze Immersive,user tracking,n/a,1.331129,2.08,-10.23924,0,0.7071068,0,0.7071067,0.01644665,0.9333027,-0.09718297,0.3452982,
46.80384,Maze Immersive,user tracking,n/a,1.548376,2.08,-11.06045,0,0.7071068,0,0.7071067,0.01761606,0.9241229,-0.1003116,0.3682718,
46.90299,Maze Immersive,user tracking,n/a,1.803638,2.08,-11.84231,0,0.7071068,0,0.7071067,0.02071192,0.8958375,-0.109098,0.4302833,
47.00253,Maze Immersive,user tracking,n/a,1.990393,2.08,-12.38278,0,0.7071068,0,0.7071067,0.02164638,0.8476741,-0.1180434,0.5167648,
47.10172,Maze Immersive,user tracking,n/a,2.079168,2.08,-12.63969,0,0.7071068,0,0.7071067,0.02559373,0.796483,-0.1166954,0.5927411,
47.20124,Maze Immersive,user tracking,n/a,2.0986,2.08,-12.61369,0,0.7071068,0,0.7071067,0.03350669,0.7564377,-0.1122928,0.6434824,
47.30046,Maze Immersive,user tracking,n/a,2.157959,2.08,-12.29453,0,0.7071068,0,0.7071067,0.04266391,0.7357262,-0.1073394,0.6673566,
47.39964,Maze Immersive,user tracking,n/a,2.239611,2.08,-11.6764,0,0.7071068,0,0.7071067,0.05141934,0.7305813,-0.1061267,0.6725652,
47.49909,Maze Immersive,user tracking,n/a,2.329428,2.08,-10.77509,0,0.7071068,0,0.7071067,0.05423817,0.7341082,-0.1067721,0.6683884,
47.59774,Maze Immersive,user tracking,n/a,2.403454,2.08,-10.0063,0,0.7071068,0,0.7071067,0.05428316,0.7446122,-0.1090402,0.6562897,
47.69725,Maze Immersive,user tracking,n/a,2.448726,2.08,-9.53612,0,0.7071068,0,0.7071067,0.05225515,0.7585338,-0.1105865,0.6400519,
47.79621,Maze Immersive,user tracking,n/a,2.465244,2.08,-9.364567,0,0.7071068,0,0.7071067,0.04909419,0.767235,-0.1112384,0.6297351,
47.89535,Maze Immersive,user tracking,n/a,2.463433,2.08,-9.372701,0,0.7071068,0,0.7071067,0.04685905,0.7735699,-0.11345,0.6217096,
47.99409,Maze Immersive,user tracking,n/a,2.413166,2.08,-9.592007,0,0.7071068,0,0.7071067,0.04617656,0.7766815,-0.1148922,0.6176028,
48.09365,Maze Immersive,user tracking,n/a,2.292372,2.08,-10.10289,0,0.7071068,0,0.7071067,0.04510505,0.7771078,-0.1159798,0.6169422,
48.19272,Maze Immersive,user tracking,n/a,2.099849,2.08,-10.90507,0,0.7071068,0,0.7071067,0.04635099,0.7746828,-0.1147887,0.6201142,
48.29183,Maze Immersive,user tracking,n/a,1.876787,2.08,-11.87738,0,0.7071068,0,0.7071067,0.04964127,0.7696615,-0.1135387,0.6263112,
48.40779,Maze Immersive,user tracking,n/a,1.672576,2.08,-12.84565,0,0.7071068,0,0.7071067,0.05365618,0.7598318,-0.1106732,0.6383792,
48.50731,Maze Immersive,user tracking,n/a,1.517701,2.08,-13.60298,0,0.7071068,0,0.7071067,0.05679331,0.7474497,-0.1069238,0.6531927,
48.60667,Maze Immersive,user tracking,n/a,1.439059,2.08,-13.92162,0,0.7071068,0,0.7071067,0.05855613,0.7395344,-0.1038056,0.6624836,
48.7058,Maze Immersive,user tracking,n/a,1.439059,2.08,-13.92162,0,0.7071068,0,0.7071067,0.05911513,0.733083,-0.1009612,0.670001,
48.80442,Maze Immersive,user tracking,n/a,1.439059,2.08,-13.92162,0,0.7071068,0,0.7071067,0.05802835,0.725281,-0.09906335,0.6788126,
48.90386,Maze Immersive,user tracking,n/a,1.439059,2.08,-13.92162,0,0.7071068,0,0.7071067,0.05355373,0.7200205,-0.09193987,0.6857474,
49.00254,Maze Immersive,user tracking,n/a,1.439059,2.08,-13.92162,0,0.7071068,0,0.7071067,0.03872503,0.715166,-0.07906147,0.6933882,
49.10181,Maze Immersive,user tracking,n/a,1.439059,2.08,-13.92162,0,0.7071068,0,0.7071067,0.0177993,0.7146202,-0.06357652,0.6963901,
49.20131,Maze Immersive,user tracking,n/a,1.439059,2.08,-13.92162,0,0.7071068,0,0.7071067,0.003716504,0.7201601,-0.04472054,0.6923552,
49.29988,Maze Immersive,user tracking,n/a,1.439059,2.08,-13.92162,0,0.7071068,0,0.7071067,0.01428988,0.7227222,-0.04742585,0.6893613,
49.3989,Maze Immersive,user tracking,n/a,1.439059,2.08,-13.92162,0,0.7071068,0,0.7071067,0.03757909,0.7237442,-0.0526984,0.6870263,
49.49828,Maze Immersive,user tracking,n/a,1.439059,2.08,-13.92162,0,0.7071068,0,0.7071067,0.07128642,0.7178736,-0.04583512,0.6909955,
49.59768,Maze Immersive,user tracking,n/a,1.439059,2.08,-13.92162,0,0.7071068,0,0.7071067,0.09797873,0.7050641,-0.04226209,0.7010696,
49.69708,Maze Immersive,user tracking,n/a,1.439059,2.08,-13.92162,0,0.7071068,0,0.7071067,0.107855,0.6927331,-0.04178743,0.7118581,
49.79466,Maze Immersive,user tracking,n/a,1.439059,2.08,-13.92162,0,0.7071068,0,0.7071067,0.1078172,0.6875583,-0.04086808,0.7169162,
49.89296,Maze Immersive,user tracking,n/a,1.439059,2.08,-13.92162,0,0.7071068,0,0.7071067,0.1075811,0.6862723,-0.04103435,0.7181733,
49.99262,Maze Immersive,user tracking,n/a,1.439059,2.08,-13.92162,0,0.7071068,0,0.7071067,0.1001585,0.6894938,-0.03840759,0.716304,
50.09213,Maze Immersive,user tracking,n/a,1.439059,2.08,-13.92162,0,0.7071068,0,0.7071067,0.08780045,0.6916857,-0.03678415,0.7158971,
50.20766,Maze Immersive,user tracking,n/a,1.439059,2.08,-13.92162,0,0.7071068,0,0.7071067,0.07356594,0.6949092,-0.03764838,0.7143331,
50.30647,Maze Immersive,user tracking,n/a,1.439059,2.08,-13.92162,0,0.7071068,0,0.7071067,0.06410372,0.6982143,-0.03978007,0.7119024,
50.40583,Maze Immersive,user tracking,n/a,1.439059,2.08,-13.92162,0,0.7071068,0,0.7071067,0.05481662,0.7013334,-0.0448022,0.709309,
50.50469,Maze Immersive,user tracking,n/a,1.439059,2.08,-13.92162,0,0.7071068,0,0.7071067,0.04702217,0.7047673,-0.04798674,0.7062501,
50.60314,Maze Immersive,user tracking,n/a,1.439059,2.08,-13.92162,0,0.7071068,0,0.7071067,0.03264626,0.7123509,-0.05353189,0.6990169,
50.70255,Maze Immersive,user tracking,n/a,1.439059,2.08,-13.92162,0,0.7071068,0,0.7071067,0.03088854,0.7139976,-0.05129576,0.6975831,
50.80188,Maze Immersive,user tracking,n/a,1.439059,2.08,-13.92162,0,0.7071068,0,0.7071067,0.02751255,0.7137339,-0.0534206,0.6978346,
50.90033,Maze Immersive,user tracking,n/a,1.439059,2.08,-13.92162,0,0.7071068,0,0.7071067,0.02599227,0.7111884,-0.05501274,0.7003635,
50.9992,Maze Immersive,user tracking,n/a,1.439059,2.08,-13.92162,0,0.7071068,0,0.7071067,0.02600241,0.7086865,-0.05697936,0.702738,
51.09888,Maze Immersive,user tracking,n/a,1.439059,2.08,-13.92162,0,0.7071068,0,0.7071067,0.02921874,0.7014724,-0.05342771,0.7100903,
51.19699,Maze Immersive,user tracking,n/a,1.439059,2.08,-13.92162,0,0.7071068,0,0.7071067,0.03470113,0.6912111,-0.05445061,0.7197624,
51.2961,Maze Immersive,user tracking,n/a,1.439059,2.08,-13.92162,0,0.7071068,0,0.7071067,0.03093497,0.6881506,-0.05204209,0.7230377,
51.39573,Maze Immersive,user tracking,n/a,1.439059,2.08,-13.92162,0,0.7071068,0,0.7071067,0.02874777,0.6853556,-0.05335144,0.7256822,
51.49475,Maze Immersive,user tracking,n/a,1.439059,2.08,-13.92162,0,0.7071068,0,0.7071067,0.02831752,0.6835952,-0.06091334,0.7267635,
51.59433,Maze Immersive,user tracking,n/a,1.439059,2.08,-13.92162,0,0.7071068,0,0.7071067,0.01525431,0.6855434,-0.06717792,0.7247652,
51.69361,Maze Immersive,user tracking,n/a,1.439059,2.08,-13.92162,0,0.7071068,0,0.7071067,0.01171957,0.685203,-0.07073565,0.7248144,
51.79252,Maze Immersive,user tracking,n/a,1.439059,2.08,-13.92162,0,0.7071068,0,0.7071067,0.01635579,0.684136,-0.07304877,0.7255028,
51.90602,Maze Immersive,user tracking,n/a,1.439059,2.08,-13.92162,0,0.7071068,0,0.7071067,0.02068313,0.6885719,-0.08254179,0.7201582,
52.00509,Maze Immersive,user tracking,n/a,1.439059,2.08,-13.92162,0,0.7071068,0,0.7071067,0.0220456,0.6913692,-0.08494878,0.7171513,
52.10395,Maze Immersive,user tracking,n/a,1.439059,2.08,-13.92162,0,0.7071068,0,0.7071067,0.0310355,0.689777,-0.09001783,0.7177334,
52.20338,Maze Immersive,user tracking,n/a,1.439059,2.08,-13.92162,0,0.7071068,0,0.7071067,0.0352195,0.688195,-0.08941022,0.7191334,
52.30252,Maze Immersive,user tracking,n/a,1.522283,2.08,-13.91737,0,0.7071068,0,0.7071067,0.03400406,0.6887772,-0.0882676,0.7187757,
52.40143,Maze Immersive,user tracking,n/a,1.895127,2.08,-13.8989,0,0.7071068,0,0.7071067,0.02982995,0.6900154,-0.08660109,0.7179758,
52.50109,Maze Immersive,user tracking,n/a,2.209602,2.08,-13.88405,0,0.7071068,0,0.7071067,0.02855423,0.6896797,-0.08480456,0.7185645,
52.59998,Maze Immersive,user tracking,n/a,2.254465,2.08,-13.88193,0,0.7071068,0,0.7071067,0.02752563,0.6876048,-0.08254541,0.7208523,
52.69943,Maze Immersive,user tracking,n/a,2.254465,2.08,-13.88193,0,0.7071068,0,0.7071067,0.02860548,0.6813924,-0.07561903,0.7274392,
52.79855,Maze Immersive,user tracking,n/a,2.254465,2.08,-13.88193,0,0.7071068,0,0.7071067,0.02812585,0.6788689,-0.07666963,0.7297037,
52.89672,Maze Immersive,user tracking,n/a,2.285472,2.08,-13.87944,0,0.7071068,0,0.7071067,0.02869197,0.6773605,-0.07846384,0.7308918,
52.99601,Maze Immersive,user tracking,n/a,2.571736,2.08,-13.85614,0,0.7071068,0,0.7071067,0.02951175,0.6775184,-0.0791531,0.7306384,
53.09431,Maze Immersive,user tracking,n/a,3.157012,2.08,-13.80856,0,0.7071068,0,0.7071067,0.03078136,0.6783707,-0.08046613,0.7296512,
53.19334,Maze Immersive,user tracking,n/a,4.024797,2.08,-13.73945,0,0.7071068,0,0.7071067,0.03137045,0.6778755,-0.07988182,0.7301504,
53.29253,Maze Immersive,user tracking,n/a,4.759686,2.08,-13.68117,0,0.7071068,0,0.7071067,0.03201965,0.6769391,-0.08021666,0.7309538,
53.39207,Maze Immersive,user tracking,n/a,5.195514,2.08,-13.64661,0,0.7071068,0,0.7071067,0.03395729,0.6761384,-0.08080564,0.7315422,
53.50755,Maze Immersive,user tracking,n/a,5.332281,2.08,-13.63576,0,0.7071068,0,0.7071067,0.03999152,0.6637468,-0.08694922,0.741809,
53.60707,Maze Immersive,user tracking,n/a,5.332281,2.08,-13.63576,0,0.7071068,0,0.7071067,0.04357888,0.6401324,-0.09307925,0.7613591,
53.70616,Maze Immersive,user tracking,n/a,5.332281,2.08,-13.63576,0,0.7071068,0,0.7071067,0.04860078,0.6252367,-0.09778455,0.7727582,
53.80472,Maze Immersive,user tracking,n/a,5.438712,2.08,-13.61116,0,0.7071068,0,0.7071067,0.05294954,0.6146864,-0.1010609,0.7804766,
53.90319,Maze Immersive,user tracking,n/a,5.832939,2.08,-13.51398,0,0.7071068,0,0.7071067,0.058133,0.603535,-0.1071216,0.7879663,
54.00259,Maze Immersive,user tracking,n/a,6.274082,2.08,-13.39906,0,0.7071068,0,0.7071067,0.0623503,0.5949765,-0.1092677,0.7938362,
54.10137,Maze Immersive,user tracking,n/a,6.424913,2.08,-13.35977,0,0.7071068,0,0.7071067,0.06628101,0.5835171,-0.1109015,0.8017578,
54.20032,Maze Immersive,user tracking,n/a,6.424913,2.08,-13.35977,0,0.7071068,0,0.7071067,0.07071757,0.564212,-0.1109471,0.8150795,
54.2993,Maze Immersive,user tracking,n/a,6.424913,2.08,-13.35977,0,0.7071068,0,0.7071067,0.07531039,0.5501744,-0.1099896,0.8243414,
54.39797,Maze Immersive,user tracking,n/a,6.424913,2.08,-13.35977,0,0.7071068,0,0.7071067,0.0748155,0.548588,-0.1094446,0.8255155,
54.49715,Maze Immersive,user tracking,n/a,6.424913,2.08,-13.35977,0,0.7071068,0,0.7071067,0.07630843,0.5570743,-0.1094435,0.8196752,
54.59666,Maze Immersive,user tracking,n/a,6.424913,2.08,-13.35977,0,0.7071068,0,0.7071067,0.07828351,0.578714,-0.108763,0.8044453,
54.69479,Maze Immersive,user tracking,n/a,6.424913,2.08,-13.35977,0,0.7071068,0,0.7071067,0.08296987,0.6046285,-0.1114112,0.7843008,
54.79391,Maze Immersive,user tracking,n/a,6.424913,2.08,-13.35977,0,0.7071068,0,0.7071067,0.08913053,0.6312873,-0.1273947,0.7598042,
54.89234,Maze Immersive,user tracking,n/a,6.424913,2.08,-13.35977,0,0.7071068,0,0.7071067,0.1083468,0.6489171,-0.1482011,0.7383792,
55.00772,Maze Immersive,user tracking,n/a,6.424913,2.08,-13.35977,0,0.7071068,0,0.7071067,0.1302712,0.6651929,-0.1781122,0.7133189,
55.107,Maze Immersive,user tracking,n/a,6.424913,2.08,-13.35977,0,0.7071068,0,0.7071067,0.1380242,0.6772398,-0.1963253,0.6955228,
55.20646,Maze Immersive,user tracking,n/a,6.424913,2.08,-13.35977,0,0.7071068,0,0.7071067,0.1522638,0.6827725,-0.2237684,0.6786495,
55.30511,Maze Immersive,user tracking,n/a,6.424913,2.08,-13.35977,0,0.7071068,0,0.7071067,0.1502843,0.6861759,-0.2305328,0.6733733,
55.40419,Maze Immersive,user tracking,n/a,6.424913,2.08,-13.35977,0,0.7071068,0,0.7071067,0.1435632,0.6887576,-0.2308601,0.6720909,
55.50301,Maze Immersive,user tracking,n/a,6.424913,2.08,-13.35977,0,0.7071068,0,0.7071067,0.1390089,0.6899846,-0.2315776,0.6715428,
55.60209,Maze Immersive,user tracking,n/a,6.424913,2.08,-13.35977,0,0.7071068,0,0.7071067,0.1355758,0.6890137,-0.235089,0.6720212,
55.70052,Maze Immersive,user tracking,n/a,6.424913,2.08,-13.35977,0,0.7071068,0,0.7071067,0.1330968,0.6885805,-0.2369591,0.6723039,
55.79986,Maze Immersive,user tracking,n/a,6.424913,2.08,-13.35977,0,0.7071068,0,0.7071067,0.1305973,0.6887435,-0.2346329,0.6734419,
55.89702,Maze Immersive,user tracking,n/a,6.424913,2.08,-13.35977,0,0.7071068,0,0.7071067,0.1307711,0.688571,-0.2312208,0.6747635,
55.99646,Maze Immersive,user tracking,n/a,6.424913,2.08,-13.35977,0,0.7071068,0,0.7071067,0.1320281,0.6869245,-0.2265674,0.6777688,
56.09508,Maze Immersive,user tracking,n/a,6.424913,2.08,-13.35977,0,0.7071068,0,0.7071067,0.1315821,0.6861518,-0.2236056,0.6796194,
56.19405,Maze Immersive,user tracking,n/a,6.424913,2.08,-13.35977,0,0.7071068,0,0.7071067,0.1316038,0.6856654,-0.2207999,0.6810218,
56.29292,Maze Immersive,user tracking,n/a,6.424913,2.08,-13.35977,0,0.7071068,0,0.7071067,0.1303584,0.6848282,-0.2192734,0.6825952,
56.39249,Maze Immersive,user tracking,n/a,6.424913,2.08,-13.35977,0,0.7071068,0,0.7071067,0.1288026,0.6845587,-0.2174052,0.6837575,
56.49178,Maze Immersive,user tracking,n/a,6.424913,2.08,-13.35977,0,0.7071068,0,0.7071067,0.1267749,0.6852555,-0.2158705,0.6839246,
56.60751,Maze Immersive,user tracking,n/a,6.424913,2.08,-13.35977,0,0.7071068,0,0.7071067,0.1265737,0.6856323,-0.2162601,0.6834609,
56.7067,Maze Immersive,user tracking,n/a,6.424913,2.08,-13.35977,0,0.7071068,0,0.7071067,0.1273036,0.685491,-0.2163871,0.683427,
56.75645
